Game_Number,Moves_To_Win
1,75
2,64
3,83
4,71
5,69
6,58
7,78
8,93
9,70
10,74
11,90
12,68
13,75
14,70
15,62
16,65
17,79
18,70
19,87
20,78
21,95
22,82
23,75
24,74
25,77
26,63
27,54
28,99
29,81
30,94
31,60
32,52
33,68
34,60
35,79
36,76
37,80
38,72
39,77
40,39
41,92
42,77
43,48
44,77
45,88
46,73
47,65
48,63
49,60
50,41
51,80
52,69
53,75
54,53
55,44
56,82
57,98
58,52
59,87
60,54
61,68
62,56
63,81
64,55
65,99
66,86
67,79
68,65
69,59
70,82
71,52
72,45
73,97
74,49
75,57
76,80
77,52
78,58
79,90
80,64
81,66
82,76
83,72
84,63
85,89
86,47
87,26
88,63
89,70
90,74
91,61
92,79
93,72
94,99
95,80
96,61
97,60
98,68
99,77
100,49
101,53
102,61
103,86
104,71
105,68
106,49
107,80
108,90
109,86
110,62
111,84
112,54
113,58
114,93
115,71
116,64
117,65
118,96
119,52
120,43
121,42
122,69
123,53
124,60
125,80
126,65
127,43
128,68
129,71
130,80
131,40
132,71
133,54
134,52
135,67
136,95
137,61
138,100
139,78
140,81
141,71
142,48
143,86
144,89
145,94
146,97
147,63
148,59
149,50
150,70
151,59
152,63
153,61
154,76
155,67
156,74
157,83
158,72
159,47
160,47
161,84
162,63
163,46
164,72
165,59
166,69
167,79
168,59
169,58
170,63
171,69
172,72
173,64
174,57
175,78
176,97
177,54
178,75
179,64
180,82
181,53
182,78
183,50
184,51
185,82
186,57
187,53
188,45
189,93
190,87
191,55
192,52
193,97
194,57
195,80
196,53
197,66
198,38
199,60
200,65
201,59
202,66
203,51
204,76
205,48
206,72
207,59
208,80
209,65
210,59
211,100
212,84
213,81
214,63
215,75
216,73
217,50
218,80
219,70
220,60
221,66
222,59
223,90
224,78
225,90
226,90
227,81
228,92
229,99
230,69
231,71
232,46
233,70
234,73
235,41
236,74
237,84
238,64
239,63
240,68
241,71
242,78
243,54
244,64
245,45
246,57
247,86
248,72
249,66
250,62
251,51
252,74
253,48
254,76
255,60
256,46
257,55
258,74
259,60
260,56
261,76
262,76
263,89
264,71
265,60
266,45
267,72
268,70
269,51
270,92
271,67
272,71
273,52
274,82
275,56
276,98
277,86
278,83
279,81
280,82
281,89
282,85
283,44
284,66
285,79
286,68
287,75
288,84
289,63
290,64
291,64
292,69
293,71
294,76
295,56
296,60
297,61
298,100
299,75
300,83
301,88
302,52
303,73
304,48
305,60
306,55
307,66
308,97
309,57
310,42
311,97
312,82
313,85
314,70
315,51
316,81
317,94
318,83
319,96
320,63
321,49
322,55
323,50
324,65
325,81
326,56
327,97
328,90
329,55
330,84
331,61
332,61
333,66
334,64
335,66
336,79
337,50
338,56
339,78
340,89
341,51
342,71
343,64
344,59
345,41
346,56
347,94
348,90
349,70
350,55
351,62
352,87
353,40
354,96
355,46
356,69
357,74
358,34
359,77
360,94
361,60
362,83
363,59
364,84
365,65
366,71
367,48
368,82
369,67
370,58
371,58
372,89
373,64
374,92
375,67
376,82
377,51
378,58
379,63
380,92
381,74
382,66
383,77
384,62
385,74
386,58
387,67
388,71
389,84
390,60
391,78
392,58
393,68
394,70
395,61
396,85
397,58
398,82
399,68
400,52
401,45
402,52
403,69
404,88
405,51
406,56
407,84
408,80
409,48
410,84
411,72
412,88
413,50
414,88
415,91
416,89
417,39
418,77
419,79
420,82
421,78
422,65
423,60
424,66
425,59
426,67
427,54
428,53
429,76
430,39
431,60
432,59
433,86
434,59
435,52
436,94
437,78
438,91
439,52
440,41
441,58
442,52
443,74
444,62
445,71
446,59
447,50
448,73
449,50
450,56
451,76
452,57
453,44
454,85
455,52
456,38
457,97
458,67
459,67
460,92
461,75
462,82
463,81
464,63
465,75
466,41
467,83
468,64
469,64
470,80
471,81
472,48
473,78
474,74
475,82
476,67
477,76
478,52
479,54
480,73
481,47
482,93
483,96
484,68
485,51
486,74
487,69
488,99
489,71
490,91
491,95
492,66
493,67
494,63
495,61
496,72
497,73
498,47
499,82
500,58
501,88
502,52
503,75
504,72
505,44
506,78
507,88
508,70
509,75
510,46
511,87
512,34
513,81
514,73
515,59
516,70
517,80
518,56
519,67
520,70
521,97
522,43
523,59
524,50
525,66
526,72
527,65
528,89
529,63
530,76
531,45
532,91
533,64
534,75
535,53
536,79
537,72
538,39
539,65
540,46
541,82
542,98
543,88
544,40
545,43
546,81
547,70
548,70
549,76
550,65
551,88
552,61
553,67
554,70
555,61
556,51
557,70
558,66
559,57
560,95
561,74
562,93
563,60
564,86
565,74
566,74
567,69
568,98
569,61
570,66
571,32
572,43
573,79
574,57
575,58
576,59
577,91
578,68
579,39
580,71
581,66
582,80
583,41
584,84
585,31
586,97
587,59
588,71
589,47
590,55
591,52
592,57
593,72
594,91
595,73
596,67
597,60
598,69
599,63
600,84
601,54
602,74
603,58
604,54
605,60
606,58
607,54
608,62
609,83
610,46
611,85
612,94
613,80
614,50
615,73
616,65
617,57
618,77
619,68
620,73
621,47
622,52
623,97
624,42
625,66
626,51
627,47
628,65
629,88
630,54
631,68
632,56
633,83
634,54
635,58
636,67
637,63
638,38
639,57
640,81
641,72
642,70
643,66
644,51
645,60
646,65
647,72
648,46
649,76
650,48
651,86
652,83
653,99
654,77
655,64
656,96
657,38
658,89
659,39
660,90
661,86
662,94
663,60
664,57
665,67
666,76
667,95
668,89
669,58
670,88
671,43
672,56
673,69
674,54
675,48
676,80
677,66
678,70
679,63
680,69
681,67
682,44
683,45
684,61
685,69
686,60
687,64
688,69
689,62
690,50
691,75
692,55
693,66
694,98
695,39
696,62
697,76
698,96
699,76
700,50
701,68
702,78
703,66
704,86
705,29
706,83
707,71
708,65
709,69
710,61
711,55
712,70
713,65
714,84
715,46
716,42
717,83
718,72
719,89
720,77
721,70
722,80
723,74
724,54
725,57
726,76
727,79
728,57
729,84
730,73
731,55
732,51
733,99
734,73
735,56
736,60
737,100
738,50
739,72
740,97
741,56
742,59
743,93
744,56
745,45
746,77
747,76
748,48
749,77
750,78
751,76
752,73
753,47
754,74
755,58
756,61
757,79
758,41
759,46
760,66
761,68
762,49
763,67
764,79
765,70
766,72
767,52
768,89
769,79
770,60
771,96
772,43
773,36
774,62
775,44
776,58
777,86
778,87
779,63
780,55
781,87
782,69
783,64
784,65
785,70
786,68
787,59
788,79
789,74
790,48
791,42
792,67
793,83
794,75
795,64
796,91
797,70
798,78
799,61
800,85
801,58
802,45
803,42
804,41
805,40
806,57
807,93
808,73
809,58
810,61
811,53
812,81
813,65
814,75
815,59
816,80
817,76
818,50
819,87
820,85
821,83
822,70
823,68
824,82
825,44
826,90
827,48
828,55
829,64
830,46
831,74
832,41
833,64
834,86
835,61
836,54
837,66
838,61
839,71
840,81
841,72
842,64
843,73
844,49
845,65
846,71
847,59
848,75
849,83
850,88
851,73
852,59
853,57
854,97
855,95
856,71
857,45
858,65
859,63
860,89
861,71
862,56
863,60
864,69
865,44
866,71
867,59
868,68
869,65
870,45
871,74
872,58
873,63
874,49
875,74
876,54
877,81
878,69
879,77
880,50
881,95
882,50
883,57
884,52
885,59
886,57
887,78
888,55
889,64
890,36
891,72
892,97
893,85
894,48
895,82
896,55
897,45
898,59
899,96
900,45
901,71
902,52
903,87
904,86
905,88
906,92
907,54
908,63
909,65
910,54
911,76
912,78
913,64
914,78
915,82
916,75
917,48
918,88
919,71
920,81
921,74
922,54
923,49
924,50
925,47
926,83
927,58
928,78
929,100
930,57
931,83
932,95
933,84
934,57
935,76
936,64
937,64
938,85
939,94
940,55
941,78
942,57
943,98
944,76
945,56
946,78
947,94
948,83
949,67
950,80
951,75
952,62
953,70
954,71
955,58
956,93
957,71
958,48
959,44
960,56
961,71
962,68
963,67
964,70
965,84
966,91
967,67
968,73
969,59
970,69
971,50
972,69
973,68
974,80
975,71
976,47
977,50
978,57
979,50
980,63
981,64
982,40
983,57
984,80
985,51
986,49
987,46
988,71
989,97
990,63
991,55
992,80
993,40
994,92
995,47
996,45
997,98
998,61
999,90
1000,55
1001,91
1002,55
1003,77
1004,57
1005,47
1006,74
1007,76
1008,55
1009,46
1010,43
1011,92
1012,59
1013,77
1014,60
1015,90
1016,76
1017,50
1018,82
1019,52
1020,67
1021,78
1022,46
1023,48
1024,76
1025,55
1026,54
1027,98
1028,72
1029,39
1030,86
1031,80
1032,63
1033,51
1034,62
1035,92
1036,74
1037,28
1038,72
1039,52
1040,58
1041,66
1042,66
1043,41
1044,50
1045,77
1046,36
1047,45
1048,34
1049,64
1050,83
1051,80
1052,88
1053,86
1054,50
1055,37
1056,46
1057,83
1058,66
1059,83
1060,60
1061,79
1062,64
1063,68
1064,70
1065,73
1066,93
1067,92
1068,95
1069,94
1070,55
1071,59
1072,72
1073,94
1074,62
1075,66
1076,71
1077,94
1078,59
1079,67
1080,55
1081,53
1082,80
1083,65
1084,82
1085,44
1086,59
1087,61
1088,51
1089,74
1090,94
1091,76
1092,57
1093,75
1094,70
1095,85
1096,58
1097,76
1098,77
1099,85
1100,77
1101,46
1102,61
1103,51
1104,84
1105,66
1106,73
1107,43
1108,91
1109,88
1110,59
1111,66
1112,64
1113,64
1114,87
1115,52
1116,65
1117,47
1118,47
1119,59
1120,59
1121,45
1122,74
1123,82
1124,67
1125,49
1126,71
1127,63
1128,56
1129,71
1130,40
1131,45
1132,40
1133,56
1134,50
1135,66
1136,64
1137,81
1138,91
1139,78
1140,59
1141,50
1142,95
1143,38
1144,87
1145,72
1146,57
1147,57
1148,61
1149,56
1150,88
1151,50
1152,68
1153,65
1154,51
1155,39
1156,62
1157,54
1158,89
1159,49
1160,53
1161,66
1162,47
1163,52
1164,51
1165,97
1166,78
1167,59
1168,84
1169,89
1170,51
1171,82
1172,59
1173,46
1174,76
1175,80
1176,56
1177,61
1178,90
1179,68
1180,81
1181,44
1182,46
1183,68
1184,37
1185,81
1186,80
1187,51
1188,70
1189,53
1190,72
1191,90
1192,56
1193,55
1194,81
1195,100
1196,82
1197,47
1198,54
1199,56
1200,76
1201,72
1202,55
1203,82
1204,83
1205,84
1206,75
1207,56
1208,61
1209,98
1210,71
1211,65
1212,74
1213,51
1214,44
1215,59
1216,69
1217,42
1218,56
1219,71
1220,90
1221,68
1222,55
1223,65
1224,48
1225,92
1226,58
1227,73
1228,72
1229,55
1230,75
1231,76
1232,56
1233,79
1234,88
1235,77
1236,75
1237,73
1238,46
1239,81
1240,73
1241,86
1242,54
1243,60
1244,83
1245,53
1246,86
1247,62
1248,65
1249,66
1250,61
1251,87
1252,67
1253,54
1254,68
1255,81
1256,75
1257,71
1258,81
1259,72
1260,60
1261,64
1262,56
1263,51
1264,60
1265,55
1266,66
1267,75
1268,67
1269,77
1270,64
1271,73
1272,53
1273,63
1274,93
1275,59
1276,51
1277,71
1278,89
1279,80
1280,97
1281,40
1282,70
1283,59
1284,69
1285,93
1286,56
1287,56
1288,58
1289,95
1290,83
1291,47
1292,53
1293,69
1294,65
1295,47
1296,46
1297,77
1298,61
1299,62
1300,69
1301,59
1302,66
1303,75
1304,66
1305,71
1306,43
1307,67
1308,97
1309,70
1310,50
1311,44
1312,87
1313,47
1314,90
1315,77
1316,63
1317,90
1318,94
1319,39
1320,83
1321,51
1322,65
1323,97
1324,57
1325,84
1326,98
1327,66
1328,65
1329,52
1330,64
1331,62
1332,52
1333,71
1334,67
1335,62
1336,63
1337,74
1338,81
1339,53
1340,51
1341,78
1342,74
1343,57
1344,97
1345,52
1346,73
1347,88
1348,61
1349,71
1350,48
1351,74
1352,67
1353,68
1354,52
1355,58
1356,62
1357,70
1358,51
1359,81
1360,52
1361,62
1362,66
1363,40
1364,84
1365,85
1366,44
1367,79
1368,45
1369,64
1370,86
1371,56
1372,57
1373,77
1374,62
1375,69
1376,48
1377,53
1378,94
1379,49
1380,50
1381,55
1382,39
1383,81
1384,56
1385,70
1386,82
1387,85
1388,67
1389,57
1390,70
1391,78
1392,68
1393,59
1394,84
1395,43
1396,54
1397,44
1398,96
1399,61
1400,64
1401,69
1402,68
1403,71
1404,75
1405,60
1406,59
1407,42
1408,42
1409,51
1410,65
1411,75
1412,27
1413,61
1414,36
1415,40
1416,54
1417,62
1418,61
1419,77
1420,50
1421,89
1422,94
1423,71
1424,48
1425,72
1426,74
1427,87
1428,61
1429,95
1430,65
1431,66
1432,63
1433,64
1434,58
1435,69
1436,55
1437,48
1438,57
1439,98
1440,60
1441,42
1442,81
1443,50
1444,99
1445,68
1446,64
1447,70
1448,53
1449,47
1450,65
1451,74
1452,95
1453,88
1454,78
1455,94
1456,58
1457,73
1458,56
1459,73
1460,52
1461,31
1462,98
1463,80
1464,94
1465,72
1466,64
1467,64
1468,87
1469,73
1470,63
1471,70
1472,68
1473,89
1474,66
1475,67
1476,60
1477,44
1478,78
1479,63
1480,76
1481,69
1482,51
1483,57
1484,80
1485,100
1486,46
1487,66
1488,64
1489,59
1490,67
1491,55
1492,83
1493,64
1494,86
1495,99
1496,94
1497,66
1498,99
1499,75
1500,55
1501,50
1502,74
1503,53
1504,77
1505,92
1506,77
1507,78
1508,68
1509,80
1510,83
1511,46
1512,73
1513,91
1514,35
1515,83
1516,69
1517,67
1518,65
1519,94
1520,46
1521,59
1522,49
1523,100
1524,52
1525,51
1526,44
1527,78
1528,75
1529,71
1530,81
1531,81
1532,67
1533,81
1534,76
1535,74
1536,59
1537,66
1538,58
1539,69
1540,63
1541,52
1542,50
1543,52
1544,71
1545,69
1546,71
1547,51
1548,89
1549,77
1550,66
1551,85
1552,96
1553,84
1554,85
1555,71
1556,32
1557,49
1558,56
1559,77
1560,54
1561,75
1562,61
1563,68
1564,84
1565,71
1566,40
1567,47
1568,65
1569,71
1570,64
1571,77
1572,100
1573,82
1574,57
1575,81
1576,76
1577,77
1578,60
1579,47
1580,72
1581,47
1582,43
1583,63
1584,48
1585,84
1586,64
1587,65
1588,62
1589,51
1590,60
1591,51
1592,54
1593,58
1594,59
1595,43
1596,100
1597,62
1598,77
1599,59
1600,97
1601,70
1602,66
1603,54
1604,72
1605,67
1606,60
1607,81
1608,60
1609,63
1610,54
1611,62
1612,90
1613,70
1614,57
1615,48
1616,43
1617,59
1618,48
1619,49
1620,62
1621,57
1622,76
1623,63
1624,63
1625,70
1626,85
1627,67
1628,84
1629,67
1630,80
1631,90
1632,68
1633,68
1634,75
1635,47
1636,55
1637,76
1638,66
1639,89
1640,83
1641,67
1642,80
1643,53
1644,49
1645,67
1646,80
1647,63
1648,81
1649,65
1650,85
1651,78
1652,72
1653,76
1654,59
1655,52
1656,63
1657,66
1658,85
1659,60
1660,64
1661,38
1662,37
1663,69
1664,83
1665,47
1666,93
1667,51
1668,86
1669,48
1670,85
1671,62
1672,81
1673,61
1674,90
1675,94
1676,67
1677,66
1678,75
1679,74
1680,66
1681,78
1682,73
1683,74
1684,67
1685,73
1686,64
1687,35
1688,43
1689,73
1690,72
1691,70
1692,77
1693,62
1694,76
1695,57
1696,53
1697,75
1698,59
1699,60
1700,84
1701,40
1702,58
1703,48
1704,64
1705,89
1706,55
1707,61
1708,58
1709,69
1710,67
1711,75
1712,84
1713,57
1714,74
1715,39
1716,55
1717,57
1718,83
1719,91
1720,63
1721,76
1722,50
1723,35
1724,66
1725,71
1726,68
1727,58
1728,58
1729,73
1730,93
1731,57
1732,42
1733,52
1734,78
1735,75
1736,67
1737,73
1738,65
1739,67
1740,98
1741,71
1742,44
1743,75
1744,60
1745,54
1746,67
1747,79
1748,49
1749,64
1750,60
1751,39
1752,93
1753,86
1754,59
1755,70
1756,52
1757,55
1758,60
1759,36
1760,76
1761,86
1762,95
1763,55
1764,83
1765,59
1766,43
1767,82
1768,61
1769,90
1770,75
1771,61
1772,60
1773,62
1774,74
1775,70
1776,74
1777,60
1778,100
1779,58
1780,73
1781,44
1782,83
1783,76
1784,77
1785,55
1786,47
1787,94
1788,82
1789,82
1790,68
1791,57
1792,61
1793,65
1794,66
1795,70
1796,94
1797,94
1798,66
1799,77
1800,60
1801,42
1802,58
1803,51
1804,67
1805,56
1806,89
1807,61
1808,55
1809,87
1810,54
1811,100
1812,67
1813,93
1814,49
1815,74
1816,79
1817,60
1818,43
1819,71
1820,34
1821,68
1822,85
1823,72
1824,49
1825,46
1826,71
1827,62
1828,70
1829,88
1830,100
1831,54
1832,54
1833,54
1834,52
1835,64
1836,77
1837,51
1838,86
1839,92
1840,49
1841,80
1842,92
1843,72
1844,74
1845,68
1846,78
1847,42
1848,95
1849,52
1850,67
1851,62
1852,68
1853,50
1854,67
1855,100
1856,79
1857,79
1858,70
1859,76
1860,75
1861,46
1862,47
1863,44
1864,40
1865,66
1866,99
1867,35
1868,80
1869,40
1870,73
1871,69
1872,45
1873,74
1874,90
1875,64
1876,59
1877,53
1878,73
1879,87
1880,75
1881,61
1882,36
1883,74
1884,60
1885,82
1886,59
1887,66
1888,56
1889,68
1890,70
1891,42
1892,78
1893,62
1894,60
1895,46
1896,86
1897,47
1898,83
1899,79
1900,52
1901,62
1902,74
1903,68
1904,38
1905,81
1906,74
1907,72
1908,60
1909,86
1910,48
1911,61
1912,46
1913,87
1914,73
1915,68
1916,70
1917,57
1918,70
1919,59
1920,66
1921,73
1922,62
1923,61
1924,99
1925,78
1926,68
1927,64
1928,68
1929,78
1930,59
1931,76
1932,57
1933,84
1934,71
1935,75
1936,92
1937,82
1938,44
1939,55
1940,74
1941,80
1942,63
1943,73
1944,64
1945,55
1946,62
1947,73
1948,42
1949,63
1950,65
1951,49
1952,45
1953,65
1954,53
1955,69
1956,50
1957,75
1958,69
1959,83
1960,69
1961,61
1962,79
1963,81
1964,43
1965,66
1966,92
1967,65
1968,40
1969,80
1970,86
1971,91
1972,70
1973,74
1974,95
1975,88
1976,67
1977,51
1978,51
1979,36
1980,71
1981,53
1982,91
1983,96
1984,83
1985,57
1986,55
1987,62
1988,88
1989,63
1990,82
1991,67
1992,43
1993,85
1994,65
1995,36
1996,39
1997,70
1998,50
1999,67
2000,48
2001,70
2002,83
2003,58
2004,69
2005,78
2006,76
2007,48
2008,71
2009,75
2010,80
2011,75
2012,69
2013,46
2014,76
2015,42
2016,53
2017,89
2018,36
2019,80
2020,53
2021,36
2022,67
2023,62
2024,66
2025,85
2026,65
2027,47
2028,54
2029,88
2030,66
2031,64
2032,57
2033,71
2034,64
2035,46
2036,65
2037,78
2038,65
2039,59
2040,47
2041,67
2042,66
2043,49
2044,73
2045,69
2046,52
2047,56
2048,65
2049,78
2050,71
2051,64
2052,83
2053,43
2054,47
2055,94
2056,45
2057,75
2058,38
2059,65
2060,34
2061,68
2062,58
2063,93
2064,35
2065,98
2066,51
2067,59
2068,62
2069,64
2070,53
2071,52
2072,96
2073,54
2074,89
2075,85
2076,71
2077,77
2078,86
2079,72
2080,60
2081,97
2082,42
2083,51
2084,97
2085,43
2086,65
2087,58
2088,73
2089,77
2090,48
2091,74
2092,48
2093,63
2094,71
2095,60
2096,82
2097,51
2098,100
2099,58
2100,76
2101,88
2102,56
2103,97
2104,78
2105,89
2106,55
2107,50
2108,56
2109,61
2110,41
2111,64
2112,69
2113,62
2114,55
2115,65
2116,61
2117,63
2118,62
2119,67
2120,74
2121,47
2122,61
2123,75
2124,58
2125,57
2126,52
2127,83
2128,63
2129,65
2130,61
2131,59
2132,61
2133,67
2134,59
2135,43
2136,58
2137,71
2138,62
2139,71
2140,80
2141,53
2142,79
2143,72
2144,61
2145,54
2146,73
2147,46
2148,71
2149,83
2150,56
2151,50
2152,88
2153,65
2154,65
2155,73
2156,66
2157,93
2158,54
2159,75
2160,59
2161,42
2162,55
2163,46
2164,84
2165,94
2166,63
2167,51
2168,83
2169,86
2170,50
2171,75
2172,82
2173,48
2174,90
2175,75
2176,78
2177,71
2178,76
2179,70
2180,65
2181,62
2182,52
2183,48
2184,66
2185,49
2186,42
2187,71
2188,55
2189,60
2190,55
2191,97
2192,50
2193,53
2194,63
2195,48
2196,83
2197,48
2198,62
2199,67
2200,81
2201,87
2202,55
2203,66
2204,83
2205,67
2206,73
2207,47
2208,42
2209,66
2210,50
2211,84
2212,35
2213,54
2214,95
2215,93
2216,63
2217,49
2218,71
2219,65
2220,75
2221,78
2222,77
2223,90
2224,44
2225,80
2226,53
2227,52
2228,70
2229,53
2230,85
2231,84
2232,66
2233,94
2234,61
2235,55
2236,64
2237,49
2238,87
2239,67
2240,69
2241,94
2242,28
2243,53
2244,83
2245,93
2246,66
2247,51
2248,43
2249,51
2250,75
2251,53
2252,77
2253,79
2254,54
2255,70
2256,42
2257,70
2258,65
2259,45
2260,65
2261,93
2262,96
2263,80
2264,65
2265,77
2266,69
2267,72
2268,69
2269,47
2270,77
2271,70
2272,49
2273,45
2274,67
2275,74
2276,86
2277,75
2278,92
2279,91
2280,56
2281,61
2282,66
2283,59
2284,60
2285,48
2286,67
2287,41
2288,57
2289,80
2290,78
2291,50
2292,66
2293,60
2294,53
2295,86
2296,76
2297,73
2298,90
2299,52
2300,67
2301,70
2302,73
2303,52
2304,92
2305,52
2306,41
2307,54
2308,38
2309,56
2310,61
2311,64
2312,41
2313,66
2314,61
2315,52
2316,73
2317,67
2318,67
2319,73
2320,100
2321,66
2322,100
2323,53
2324,50
2325,62
2326,54
2327,40
2328,64
2329,59
2330,56
2331,28
2332,49
2333,61
2334,67
2335,67
2336,42
2337,82
2338,86
2339,47
2340,35
2341,56
2342,73
2343,73
2344,84
2345,85
2346,45
2347,72
2348,63
2349,81
2350,57
2351,78
2352,78
2353,60
2354,84
2355,68
2356,61
2357,63
2358,57
2359,58
2360,85
2361,41
2362,57
2363,61
2364,86
2365,60
2366,76
2367,76
2368,99
2369,77
2370,73
2371,76
2372,82
2373,81
2374,55
2375,63
2376,57
2377,55
2378,76
2379,58
2380,97
2381,34
2382,77
2383,66
2384,49
2385,56
2386,62
2387,52
2388,60
2389,98
2390,65
2391,53
2392,50
2393,73
2394,77
2395,62
2396,49
2397,66
2398,84
2399,47
2400,47
2401,85
2402,42
2403,77
2404,68
2405,86
2406,63
2407,86
2408,41
2409,67
2410,53
2411,70
2412,67
2413,83
2414,42
2415,44
2416,71
2417,60
2418,72
2419,78
2420,85
2421,52
2422,79
2423,72
2424,56
2425,93
2426,55
2427,55
2428,80
2429,75
2430,86
2431,68
2432,73
2433,90
2434,44
2435,77
2436,60
2437,63
2438,63
2439,98
2440,64
2441,95
2442,43
2443,88
2444,63
2445,77
2446,63
2447,61
2448,59
2449,76
2450,96
2451,46
2452,87
2453,67
2454,96
2455,70
2456,86
2457,69
2458,73
2459,74
2460,49
2461,49
2462,57
2463,68
2464,80
2465,75
2466,67
2467,58
2468,55
2469,72
2470,45
2471,65
2472,75
2473,47
2474,59
2475,86
2476,81
2477,38
2478,60
2479,60
2480,82
2481,61
2482,85
2483,53
2484,88
2485,57
2486,51
2487,75
2488,59
2489,33
2490,73
2491,36
2492,86
2493,44
2494,56
2495,81
2496,51
2497,40
2498,82
2499,55
2500,61
2501,65
2502,65
2503,79
2504,60
2505,48
2506,67
2507,77
2508,75
2509,64
2510,87
2511,55
2512,52
2513,93
2514,94
2515,39
2516,45
2517,68
2518,40
2519,66
2520,57
2521,57
2522,53
2523,48
2524,46
2525,63
2526,88
2527,82
2528,71
2529,61
2530,71
2531,91
2532,93
2533,64
2534,55
2535,78
2536,82
2537,68
2538,71
2539,57
2540,80
2541,80
2542,49
2543,63
2544,55
2545,47
2546,53
2547,96
2548,99
2549,65
2550,71
2551,78
2552,75
2553,63
2554,64
2555,90
2556,69
2557,72
2558,63
2559,75
2560,91
2561,46
2562,68
2563,80
2564,56
2565,66
2566,88
2567,71
2568,69
2569,83
2570,66
2571,64
2572,80
2573,69
2574,73
2575,70
2576,84
2577,80
2578,41
2579,48
2580,68
2581,94
2582,49
2583,32
2584,69
2585,66
2586,72
2587,85
2588,51
2589,72
2590,51
2591,82
2592,60
2593,57
2594,99
2595,63
2596,90
2597,60
2598,86
2599,84
2600,50
2601,69
2602,86
2603,50
2604,67
2605,65
2606,51
2607,56
2608,69
2609,92
2610,83
2611,50
2612,71
2613,65
2614,61
2615,72
2616,44
2617,68
2618,75
2619,72
2620,69
2621,72
2622,97
2623,50
2624,72
2625,56
2626,84
2627,78
2628,53
2629,65
2630,66
2631,70
2632,81
2633,61
2634,76
2635,84
2636,70
2637,68
2638,52
2639,63
2640,50
2641,72
2642,92
2643,91
2644,97
2645,71
2646,72
2647,71
2648,67
2649,81
2650,63
2651,99
2652,65
2653,85
2654,68
2655,65
2656,59
2657,49
2658,94
2659,100
2660,62
2661,54
2662,87
2663,90
2664,63
2665,59
2666,63
2667,75
2668,79
2669,82
2670,60
2671,52
2672,73
2673,50
2674,75
2675,55
2676,73
2677,59
2678,80
2679,79
2680,78
2681,69
2682,78
2683,85
2684,72
2685,97
2686,41
2687,63
2688,38
2689,67
2690,64
2691,85
2692,74
2693,87
2694,58
2695,61
2696,98
2697,73
2698,40
2699,51
2700,83
2701,81
2702,52
2703,46
2704,68
2705,69
2706,51
2707,58
2708,75
2709,74
2710,84
2711,100
2712,52
2713,86
2714,86
2715,40
2716,43
2717,46
2718,82
2719,78
2720,48
2721,52
2722,96
2723,60
2724,91
2725,67
2726,71
2727,61
2728,84
2729,92
2730,64
2731,63
2732,85
2733,89
2734,46
2735,49
2736,96
2737,54
2738,63
2739,98
2740,52
2741,83
2742,44
2743,50
2744,57
2745,59
2746,54
2747,76
2748,95
2749,44
2750,91
2751,92
2752,73
2753,52
2754,49
2755,77
2756,97
2757,69
2758,79
2759,88
2760,67
2761,83
2762,65
2763,77
2764,99
2765,52
2766,68
2767,91
2768,55
2769,44
2770,81
2771,86
2772,49
2773,78
2774,84
2775,71
2776,35
2777,59
2778,71
2779,82
2780,58
2781,56
2782,75
2783,75
2784,38
2785,79
2786,57
2787,41
2788,89
2789,71
2790,52
2791,92
2792,82
2793,58
2794,83
2795,96
2796,54
2797,93
2798,94
2799,90
2800,73
2801,64
2802,79
2803,81
2804,48
2805,68
2806,65
2807,69
2808,80
2809,62
2810,63
2811,64
2812,58
2813,50
2814,58
2815,79
2816,59
2817,55
2818,52
2819,61
2820,38
2821,75
2822,78
2823,52
2824,94
2825,72
2826,54
2827,63
2828,63
2829,53
2830,43
2831,68
2832,66
2833,61
2834,47
2835,72
2836,70
2837,59
2838,43
2839,98
2840,78
2841,64
2842,63
2843,75
2844,29
2845,51
2846,69
2847,64
2848,100
2849,91
2850,67
2851,59
2852,64
2853,84
2854,78
2855,59
2856,69
2857,97
2858,57
2859,58
2860,90
2861,87
2862,86
2863,80
2864,70
2865,73
2866,66
2867,49
2868,88
2869,70
2870,81
2871,53
2872,95
2873,58
2874,43
2875,80
2876,87
2877,83
2878,91
2879,84
2880,67
2881,65
2882,68
2883,90
2884,65
2885,60
2886,54
2887,73
2888,74
2889,53
2890,86
2891,37
2892,66
2893,80
2894,39
2895,67
2896,68
2897,64
2898,62
2899,82
2900,59
2901,49
2902,61
2903,64
2904,75
2905,67
2906,73
2907,57
2908,64
2909,64
2910,68
2911,52
2912,39
2913,51
2914,99
2915,80
2916,55
2917,87
2918,50
2919,97
2920,68
2921,50
2922,52
2923,62
2924,50
2925,63
2926,54
2927,66
2928,85
2929,64
2930,85
2931,66
2932,76
2933,74
2934,48
2935,51
2936,94
2937,78
2938,66
2939,57
2940,62
2941,73
2942,72
2943,51
2944,75
2945,82
2946,64
2947,91
2948,71
2949,100
2950,73
2951,70
2952,75
2953,81
2954,63
2955,71
2956,52
2957,69
2958,48
2959,69
2960,59
2961,50
2962,72
2963,66
2964,46
2965,31
2966,76
2967,42
2968,54
2969,59
2970,46
2971,97
2972,80
2973,54
2974,72
2975,60
2976,81
2977,75
2978,94
2979,55
2980,53
2981,85
2982,55
2983,78
2984,67
2985,62
2986,46
2987,64
2988,41
2989,100
2990,50
2991,56
2992,81
2993,56
2994,58
2995,94
2996,31
2997,71
2998,91
2999,90
3000,60
3001,65
3002,56
3003,77
3004,51
3005,56
3006,56
3007,37
3008,92
3009,43
3010,66
3011,48
3012,98
3013,83
3014,62
3015,94
3016,84
3017,80
3018,56
3019,73
3020,46
3021,86
3022,55
3023,79
3024,85
3025,92
3026,71
3027,79
3028,53
3029,63
3030,94
3031,53
3032,54
3033,71
3034,51
3035,95
3036,74
3037,59
3038,62
3039,62
3040,43
3041,45
3042,81
3043,68
3044,63
3045,68
3046,79
3047,41
3048,57
3049,63
3050,53
3051,53
3052,99
3053,62
3054,52
3055,80
3056,61
3057,96
3058,91
3059,71
3060,64
3061,75
3062,61
3063,46
3064,79
3065,57
3066,55
3067,40
3068,60
3069,85
3070,69
3071,40
3072,73
3073,63
3074,74
3075,55
3076,65
3077,97
3078,58
3079,98
3080,65
3081,81
3082,49
3083,87
3084,71
3085,100
3086,74
3087,59
3088,54
3089,47
3090,58
3091,67
3092,56
3093,79
3094,91
3095,70
3096,93
3097,84
3098,51
3099,59
3100,68
3101,95
3102,90
3103,78
3104,44
3105,65
3106,86
3107,53
3108,47
3109,88
3110,48
3111,61
3112,70
3113,60
3114,84
3115,40
3116,45
3117,65
3118,60
3119,94
3120,97
3121,74
3122,75
3123,64
3124,89
3125,33
3126,57
3127,60
3128,92
3129,50
3130,63
3131,53
3132,63
3133,75
3134,65
3135,84
3136,68
3137,56
3138,83
3139,45
3140,51
3141,61
3142,60
3143,49
3144,73
3145,76
3146,52
3147,75
3148,70
3149,77
3150,51
3151,60
3152,75
3153,61
3154,62
3155,63
3156,93
3157,53
3158,68
3159,56
3160,71
3161,77
3162,51
3163,73
3164,67
3165,75
3166,83
3167,90
3168,50
3169,62
3170,73
3171,63
3172,69
3173,60
3174,58
3175,67
3176,65
3177,48
3178,47
3179,80
3180,91
3181,77
3182,52
3183,81
3184,76
3185,57
3186,86
3187,77
3188,81
3189,61
3190,64
3191,85
3192,70
3193,69
3194,82
3195,77
3196,57
3197,94
3198,95
3199,72
3200,41
3201,81
3202,65
3203,61
3204,57
3205,77
3206,44
3207,41
3208,62
3209,81
3210,95
3211,94
3212,99
3213,86
3214,55
3215,51
3216,71
3217,34
3218,78
3219,63
3220,84
3221,71
3222,94
3223,51
3224,48
3225,58
3226,65
3227,72
3228,75
3229,80
3230,87
3231,88
3232,43
3233,70
3234,65
3235,72
3236,74
3237,77
3238,84
3239,66
3240,80
3241,84
3242,50
3243,75
3244,68
3245,57
3246,60
3247,99
3248,65
3249,87
3250,60
3251,83
3252,69
3253,82
3254,72
3255,46
3256,49
3257,85
3258,30
3259,53
3260,78
3261,51
3262,70
3263,53
3264,53
3265,90
3266,49
3267,65
3268,96
3269,72
3270,44
3271,85
3272,93
3273,69
3274,73
3275,57
3276,60
3277,74
3278,50
3279,67
3280,61
3281,95
3282,86
3283,87
3284,56
3285,63
3286,44
3287,62
3288,92
3289,56
3290,53
3291,87
3292,89
3293,64
3294,72
3295,69
3296,53
3297,72
3298,60
3299,53
3300,94
3301,65
3302,97
3303,47
3304,62
3305,65
3306,52
3307,68
3308,95
3309,65
3310,74
3311,50
3312,86
3313,45
3314,55
3315,67
3316,70
3317,76
3318,88
3319,44
3320,38
3321,80
3322,55
3323,62
3324,63
3325,64
3326,51
3327,31
3328,66
3329,61
3330,90
3331,90
3332,65
3333,65
3334,63
3335,95
3336,63
3337,41
3338,71
3339,69
3340,92
3341,62
3342,96
3343,71
3344,72
3345,74
3346,42
3347,49
3348,56
3349,45
3350,80
3351,54
3352,58
3353,47
3354,53
3355,98
3356,55
3357,58
3358,65
3359,43
3360,36
3361,89
3362,83
3363,50
3364,58
3365,67
3366,67
3367,77
3368,70
3369,69
3370,51
3371,95
3372,50
3373,59
3374,76
3375,75
3376,52
3377,54
3378,39
3379,41
3380,85
3381,64
3382,55
3383,88
3384,82
3385,95
3386,72
3387,51
3388,94
3389,68
3390,73
3391,59
3392,65
3393,79
3394,58
3395,58
3396,68
3397,37
3398,61
3399,53
3400,89
3401,65
3402,56
3403,57
3404,93
3405,60
3406,65
3407,91
3408,82
3409,61
3410,41
3411,55
3412,51
3413,98
3414,58
3415,85
3416,52
3417,47
3418,71
3419,97
3420,97
3421,56
3422,69
3423,78
3424,82
3425,75
3426,68
3427,91
3428,63
3429,67
3430,91
3431,57
3432,45
3433,91
3434,55
3435,72
3436,68
3437,56
3438,66
3439,44
3440,82
3441,67
3442,75
3443,67
3444,52
3445,89
3446,72
3447,49
3448,58
3449,39
3450,45
3451,73
3452,48
3453,80
3454,94
3455,40
3456,78
3457,61
3458,56
3459,79
3460,97
3461,86
3462,100
3463,59
3464,60
3465,93
3466,79
3467,82
3468,76
3469,65
3470,89
3471,49
3472,52
3473,79
3474,90
3475,57
3476,94
3477,56
3478,67
3479,91
3480,67
3481,50
3482,37
3483,46
3484,40
3485,49
3486,57
3487,86
3488,68
3489,71
3490,82
3491,86
3492,75
3493,68
3494,59
3495,83
3496,69
3497,73
3498,100
3499,85
3500,66
3501,49
3502,55
3503,46
3504,75
3505,70
3506,45
3507,65
3508,61
3509,56
3510,69
3511,60
3512,58
3513,53
3514,65
3515,61
3516,65
3517,54
3518,61
3519,50
3520,71
3521,62
3522,85
3523,74
3524,69
3525,94
3526,83
3527,80
3528,62
3529,82
3530,78
3531,56
3532,89
3533,50
3534,66
3535,53
3536,85
3537,58
3538,50
3539,65
3540,69
3541,78
3542,65
3543,56
3544,64
3545,59
3546,67
3547,76
3548,76
3549,60
3550,56
3551,78
3552,73
3553,43
3554,40
3555,78
3556,51
3557,79
3558,56
3559,83
3560,53
3561,99
3562,72
3563,78
3564,58
3565,42
3566,95
3567,77
3568,80
3569,58
3570,67
3571,67
3572,86
3573,78
3574,89
3575,55
3576,52
3577,49
3578,81
3579,73
3580,58
3581,66
3582,51
3583,63
3584,92
3585,58
3586,81
3587,93
3588,56
3589,79
3590,89
3591,46
3592,74
3593,86
3594,58
3595,60
3596,75
3597,67
3598,52
3599,66
3600,94
3601,80
3602,63
3603,83
3604,94
3605,54
3606,76
3607,57
3608,56
3609,79
3610,87
3611,68
3612,66
3613,84
3614,64
3615,92
3616,76
3617,96
3618,44
3619,48
3620,78
3621,76
3622,52
3623,74
3624,79
3625,82
3626,32
3627,43
3628,61
3629,70
3630,53
3631,83
3632,73
3633,76
3634,86
3635,73
3636,60
3637,88
3638,71
3639,83
3640,51
3641,64
3642,99
3643,57
3644,70
3645,75
3646,58
3647,83
3648,82
3649,97
3650,55
3651,79
3652,31
3653,48
3654,65
3655,56
3656,87
3657,84
3658,49
3659,74
3660,86
3661,67
3662,42
3663,73
3664,87
3665,71
3666,92
3667,68
3668,82
3669,63
3670,74
3671,68
3672,62
3673,44
3674,52
3675,46
3676,46
3677,57
3678,35
3679,90
3680,66
3681,64
3682,77
3683,81
3684,86
3685,71
3686,36
3687,61
3688,31
3689,84
3690,46
3691,42
3692,100
3693,59
3694,93
3695,46
3696,58
3697,83
3698,58
3699,38
3700,66
3701,63
3702,100
3703,50
3704,84
3705,82
3706,93
3707,62
3708,60
3709,65
3710,56
3711,70
3712,55
3713,78
3714,76
3715,85
3716,77
3717,70
3718,85
3719,83
3720,89
3721,79
3722,56
3723,59
3724,55
3725,59
3726,96
3727,49
3728,89
3729,80
3730,63
3731,40
3732,79
3733,67
3734,49
3735,88
3736,59
3737,65
3738,83
3739,88
3740,76
3741,79
3742,41
3743,59
3744,83
3745,67
3746,76
3747,79
3748,83
3749,75
3750,43
3751,81
3752,71
3753,52
3754,36
3755,42
3756,62
3757,85
3758,52
3759,65
3760,77
3761,94
3762,80
3763,71
3764,98
3765,70
3766,63
3767,72
3768,66
3769,58
3770,81
3771,74
3772,52
3773,54
3774,73
3775,61
3776,66
3777,56
3778,47
3779,44
3780,51
3781,67
3782,70
3783,50
3784,69
3785,70
3786,80
3787,74
3788,74
3789,83
3790,35
3791,48
3792,52
3793,63
3794,74
3795,54
3796,95
3797,96
3798,70
3799,68
3800,71
3801,54
3802,64
3803,67
3804,59
3805,52
3806,69
3807,38
3808,68
3809,65
3810,72
3811,82
3812,84
3813,79
3814,52
3815,97
3816,98
3817,52
3818,50
3819,48
3820,62
3821,52
3822,64
3823,58
3824,97
3825,43
3826,51
3827,74
3828,45
3829,64
3830,72
3831,56
3832,63
3833,63
3834,65
3835,72
3836,63
3837,48
3838,65
3839,67
3840,78
3841,89
3842,65
3843,56
3844,64
3845,88
3846,52
3847,72
3848,63
3849,36
3850,67
3851,57
3852,67
3853,81
3854,67
3855,61
3856,53
3857,81
3858,64
3859,93
3860,96
3861,92
3862,53
3863,91
3864,45
3865,92
3866,82
3867,56
3868,78
3869,84
3870,85
3871,96
3872,71
3873,86
3874,26
3875,65
3876,74
3877,62
3878,51
3879,60
3880,64
3881,65
3882,69
3883,62
3884,37
3885,75
3886,71
3887,80
3888,64
3889,91
3890,78
3891,57
3892,83
3893,81
3894,67
3895,59
3896,75
3897,90
3898,71
3899,61
3900,39
3901,77
3902,57
3903,63
3904,73
3905,57
3906,79
3907,84
3908,57
3909,62
3910,57
3911,71
3912,68
3913,46
3914,84
3915,51
3916,63
3917,87
3918,57
3919,71
3920,59
3921,69
3922,36
3923,80
3924,55
3925,79
3926,36
3927,70
3928,47
3929,61
3930,70
3931,41
3932,65
3933,81
3934,89
3935,75
3936,60
3937,41
3938,48
3939,85
3940,79
3941,91
3942,46
3943,80
3944,40
3945,42
3946,46
3947,61
3948,60
3949,40
3950,61
3951,81
3952,71
3953,74
3954,80
3955,62
3956,66
3957,81
3958,60
3959,92
3960,69
3961,52
3962,57
3963,50
3964,64
3965,68
3966,60
3967,52
3968,54
3969,98
3970,77
3971,64
3972,78
3973,91
3974,71
3975,63
3976,43
3977,49
3978,76
3979,70
3980,51
3981,57
3982,78
3983,83
3984,52
3985,47
3986,41
3987,69
3988,61
3989,79
3990,57
3991,42
3992,69
3993,56
3994,72
3995,76
3996,79
3997,66
3998,56
3999,67
4000,75
4001,64
4002,61
4003,59
4004,70
4005,86
4006,57
4007,55
4008,52
4009,76
4010,50
4011,90
4012,70
4013,73
4014,62
4015,75
4016,54
4017,46
4018,59
4019,85
4020,59
4021,58
4022,78
4023,64
4024,52
4025,69
4026,56
4027,56
4028,85
4029,56
4030,46
4031,71
4032,96
4033,91
4034,62
4035,86
4036,72
4037,79
4038,65
4039,81
4040,65
4041,84
4042,51
4043,66
4044,88
4045,58
4046,64
4047,82
4048,63
4049,79
4050,48
4051,57
4052,94
4053,40
4054,57
4055,86
4056,85
4057,59
4058,72
4059,58
4060,80
4061,69
4062,64
4063,67
4064,72
4065,81
4066,51
4067,84
4068,45
4069,83
4070,56
4071,74
4072,100
4073,92
4074,58
4075,64
4076,61
4077,80
4078,80
4079,52
4080,46
4081,65
4082,77
4083,86
4084,91
4085,54
4086,44
4087,37
4088,89
4089,88
4090,80
4091,45
4092,69
4093,70
4094,65
4095,86
4096,69
4097,71
4098,53
4099,76
4100,67
4101,60
4102,79
4103,62
4104,68
4105,80
4106,91
4107,58
4108,62
4109,67
4110,77
4111,43
4112,41
4113,46
4114,73
4115,57
4116,72
4117,77
4118,83
4119,79
4120,57
4121,67
4122,37
4123,95
4124,85
4125,53
4126,62
4127,86
4128,91
4129,57
4130,91
4131,66
4132,80
4133,70
4134,89
4135,84
4136,78
4137,67
4138,77
4139,58
4140,93
4141,58
4142,81
4143,62
4144,42
4145,68
4146,53
4147,57
4148,90
4149,66
4150,63
4151,59
4152,63
4153,69
4154,75
4155,69
4156,79
4157,50
4158,61
4159,56
4160,53
4161,82
4162,92
4163,86
4164,75
4165,93
4166,91
4167,70
4168,95
4169,51
4170,74
4171,56
4172,47
4173,67
4174,58
4175,43
4176,45
4177,85
4178,76
4179,41
4180,45
4181,34
4182,70
4183,57
4184,93
4185,57
4186,92
4187,82
4188,62
4189,85
4190,89
4191,45
4192,78
4193,54
4194,84
4195,44
4196,79
4197,63
4198,62
4199,81
4200,78
4201,70
4202,63
4203,69
4204,66
4205,56
4206,42
4207,78
4208,97
4209,84
4210,68
4211,70
4212,56
4213,84
4214,67
4215,78
4216,66
4217,87
4218,49
4219,54
4220,48
4221,54
4222,75
4223,58
4224,58
4225,94
4226,80
4227,86
4228,71
4229,85
4230,75
4231,42
4232,70
4233,66
4234,43
4235,56
4236,91
4237,97
4238,59
4239,59
4240,64
4241,52
4242,59
4243,67
4244,84
4245,64
4246,76
4247,56
4248,93
4249,66
4250,87
4251,77
4252,56
4253,69
4254,67
4255,86
4256,63
4257,67
4258,80
4259,56
4260,90
4261,54
4262,75
4263,61
4264,65
4265,66
4266,36
4267,96
4268,100
4269,88
4270,51
4271,54
4272,75
4273,57
4274,52
4275,49
4276,67
4277,63
4278,69
4279,89
4280,86
4281,76
4282,60
4283,92
4284,58
4285,78
4286,84
4287,77
4288,98
4289,63
4290,72
4291,61
4292,55
4293,55
4294,91
4295,63
4296,80
4297,46
4298,84
4299,73
4300,69
4301,80
4302,66
4303,74
4304,91
4305,52
4306,81
4307,82
4308,94
4309,78
4310,64
4311,69
4312,78
4313,48
4314,79
4315,61
4316,100
4317,62
4318,38
4319,71
4320,91
4321,95
4322,45
4323,61
4324,38
4325,82
4326,81
4327,87
4328,76
4329,54
4330,40
4331,73
4332,55
4333,64
4334,94
4335,63
4336,61
4337,64
4338,78
4339,74
4340,55
4341,52
4342,73
4343,48
4344,100
4345,41
4346,59
4347,65
4348,62
4349,62
4350,59
4351,55
4352,38
4353,72
4354,47
4355,77
4356,67
4357,66
4358,78
4359,76
4360,99
4361,66
4362,51
4363,72
4364,95
4365,93
4366,51
4367,83
4368,50
4369,75
4370,70
4371,47
4372,60
4373,98
4374,61
4375,54
4376,82
4377,83
4378,74
4379,65
4380,47
4381,64
4382,67
4383,83
4384,53
4385,38
4386,85
4387,80
4388,79
4389,47
4390,49
4391,52
4392,56
4393,60
4394,76
4395,53
4396,58
4397,52
4398,54
4399,63
4400,84
4401,71
4402,57
4403,91
4404,99
4405,92
4406,64
4407,94
4408,50
4409,66
4410,76
4411,50
4412,71
4413,34
4414,67
4415,60
4416,97
4417,75
4418,43
4419,62
4420,62
4421,46
4422,96
4423,75
4424,89
4425,96
4426,66
4427,74
4428,79
4429,71
4430,56
4431,72
4432,98
4433,81
4434,53
4435,57
4436,89
4437,68
4438,46
4439,77
4440,72
4441,85
4442,51
4443,65
4444,84
4445,83
4446,97
4447,88
4448,83
4449,92
4450,44
4451,99
4452,79
4453,60
4454,69
4455,64
4456,84
4457,60
4458,83
4459,62
4460,71
4461,50
4462,88
4463,72
4464,65
4465,47
4466,55
4467,45
4468,60
4469,66
4470,69
4471,86
4472,85
4473,33
4474,72
4475,85
4476,86
4477,68
4478,53
4479,58
4480,65
4481,51
4482,71
4483,70
4484,84
4485,75
4486,65
4487,73
4488,72
4489,78
4490,54
4491,72
4492,71
4493,60
4494,61
4495,51
4496,72
4497,52
4498,43
4499,78
4500,71
4501,74
4502,79
4503,57
4504,39
4505,72
4506,63
4507,50
4508,60
4509,81
4510,81
4511,62
4512,55
4513,51
4514,77
4515,58
4516,37
4517,87
4518,82
4519,60
4520,74
4521,69
4522,76
4523,51
4524,78
4525,48
4526,80
4527,69
4528,81
4529,51
4530,50
4531,48
4532,79
4533,77
4534,52
4535,73
4536,67
4537,77
4538,47
4539,64
4540,52
4541,57
4542,48
4543,57
4544,85
4545,97
4546,84
4547,55
4548,70
4549,59
4550,67
4551,73
4552,88
4553,47
4554,61
4555,73
4556,45
4557,75
4558,92
4559,75
4560,95
4561,73
4562,90
4563,95
4564,57
4565,60
4566,66
4567,60
4568,68
4569,53
4570,85
4571,67
4572,84
4573,80
4574,53
4575,96
4576,63
4577,73
4578,56
4579,79
4580,84
4581,34
4582,59
4583,47
4584,46
4585,60
4586,73
4587,86
4588,54
4589,54
4590,90
4591,46
4592,65
4593,61
4594,52
4595,88
4596,91
4597,58
4598,48
4599,61
4600,55
4601,66
4602,54
4603,100
4604,61
4605,80
4606,88
4607,67
4608,88
4609,76
4610,37
4611,71
4612,47
4613,63
4614,76
4615,54
4616,62
4617,79
4618,57
4619,85
4620,89
4621,64
4622,67
4623,60
4624,50
4625,62
4626,83
4627,59
4628,70
4629,48
4630,92
4631,65
4632,59
4633,50
4634,78
4635,57
4636,61
4637,78
4638,64
4639,66
4640,68
4641,48
4642,48
4643,63
4644,63
4645,54
4646,71
4647,48
4648,56
4649,45
4650,90
4651,97
4652,73
4653,75
4654,79
4655,61
4656,61
4657,76
4658,55
4659,83
4660,87
4661,62
4662,48
4663,55
4664,63
4665,72
4666,63
4667,80
4668,43
4669,39
4670,62
4671,55
4672,60
4673,46
4674,73
4675,95
4676,54
4677,55
4678,88
4679,54
4680,93
4681,82
4682,61
4683,87
4684,46
4685,55
4686,47
4687,88
4688,69
4689,54
4690,76
4691,90
4692,53
4693,54
4694,51
4695,89
4696,69
4697,70
4698,72
4699,92
4700,87
4701,48
4702,55
4703,91
4704,64
4705,87
4706,64
4707,77
4708,85
4709,51
4710,88
4711,75
4712,85
4713,84
4714,67
4715,82
4716,77
4717,53
4718,63
4719,75
4720,72
4721,62
4722,61
4723,76
4724,58
4725,79
4726,72
4727,43
4728,67
4729,73
4730,77
4731,62
4732,74
4733,52
4734,63
4735,51
4736,59
4737,94
4738,76
4739,89
4740,68
4741,93
4742,50
4743,69
4744,56
4745,85
4746,58
4747,47
4748,68
4749,74
4750,84
4751,64
4752,67
4753,74
4754,51
4755,71
4756,69
4757,46
4758,58
4759,75
4760,42
4761,76
4762,59
4763,63
4764,74
4765,89
4766,95
4767,53
4768,100
4769,88
4770,59
4771,69
4772,72
4773,66
4774,76
4775,79
4776,78
4777,83
4778,81
4779,71
4780,62
4781,78
4782,54
4783,58
4784,45
4785,80
4786,92
4787,35
4788,65
4789,72
4790,55
4791,80
4792,84
4793,70
4794,80
4795,80
4796,92
4797,57
4798,99
4799,71
4800,96
4801,86
4802,47
4803,62
4804,60
4805,83
4806,65
4807,85
4808,69
4809,47
4810,43
4811,73
4812,60
4813,70
4814,87
4815,67
4816,63
4817,64
4818,65
4819,57
4820,74
4821,82
4822,83
4823,55
4824,75
4825,70
4826,63
4827,74
4828,75
4829,59
4830,68
4831,79
4832,62
4833,49
4834,94
4835,55
4836,52
4837,59
4838,76
4839,48
4840,61
4841,76
4842,72
4843,67
4844,66
4845,46
4846,84
4847,57
4848,77
4849,67
4850,52
4851,72
4852,95
4853,51
4854,95
4855,70
4856,53
4857,97
4858,77
4859,66
4860,78
4861,87
4862,57
4863,51
4864,57
4865,65
4866,82
4867,58
4868,63
4869,36
4870,61
4871,78
4872,50
4873,58
4874,71
4875,61
4876,42
4877,56
4878,52
4879,80
4880,66
4881,35
4882,75
4883,50
4884,83
4885,56
4886,91
4887,87
4888,43
4889,51
4890,91
4891,53
4892,91
4893,45
4894,40
4895,85
4896,71
4897,54
4898,70
4899,64
4900,92
4901,80
4902,56
4903,96
4904,78
4905,58
4906,68
4907,66
4908,50
4909,72
4910,75
4911,90
4912,48
4913,65
4914,89
4915,57
4916,42
4917,68
4918,58
4919,49
4920,87
4921,63
4922,55
4923,55
4924,49
4925,74
4926,75
4927,61
4928,73
4929,41
4930,91
4931,88
4932,70
4933,92
4934,62
4935,75
4936,63
4937,63
4938,53
4939,66
4940,90
4941,96
4942,63
4943,66
4944,74
4945,71
4946,51
4947,75
4948,76
4949,68
4950,66
4951,62
4952,54
4953,61
4954,48
4955,62
4956,71
4957,80
4958,80
4959,61
4960,83
4961,97
4962,85
4963,65
4964,52
4965,70
4966,70
4967,51
4968,71
4969,40
4970,64
4971,59
4972,48
4973,73
4974,49
4975,58
4976,52
4977,43
4978,60
4979,38
4980,75
4981,76
4982,97
4983,57
4984,56
4985,64
4986,54
4987,52
4988,42
4989,66
4990,61
4991,65
4992,77
4993,64
4994,46
4995,80
4996,45
4997,59
4998,50
4999,60
5000,59
5001,94
5002,43
5003,79
5004,44
5005,64
5006,41
5007,49
5008,64
5009,67
5010,78
5011,92
5012,83
5013,58
5014,61
5015,45
5016,91
5017,54
5018,67
5019,53
5020,41
5021,70
5022,48
5023,59
5024,83
5025,90
5026,83
5027,75
5028,49
5029,59
5030,65
5031,51
5032,55
5033,62
5034,62
5035,63
5036,70
5037,57
5038,74
5039,75
5040,57
5041,53
5042,62
5043,85
5044,60
5045,94
5046,61
5047,88
5048,93
5049,64
5050,49
5051,32
5052,77
5053,90
5054,44
5055,92
5056,56
5057,72
5058,58
5059,77
5060,60
5061,70
5062,52
5063,61
5064,88
5065,61
5066,97
5067,93
5068,90
5069,74
5070,96
5071,49
5072,69
5073,71
5074,76
5075,79
5076,56
5077,59
5078,79
5079,51
5080,78
5081,60
5082,75
5083,84
5084,68
5085,52
5086,95
5087,47
5088,67
5089,56
5090,84
5091,49
5092,43
5093,54
5094,52
5095,89
5096,92
5097,55
5098,66
5099,90
5100,93
5101,67
5102,67
5103,64
5104,74
5105,62
5106,92
5107,80
5108,76
5109,38
5110,69
5111,66
5112,98
5113,82
5114,77
5115,58
5116,71
5117,53
5118,86
5119,45
5120,62
5121,75
5122,54
5123,56
5124,64
5125,75
5126,40
5127,62
5128,61
5129,65
5130,71
5131,50
5132,69
5133,67
5134,45
5135,89
5136,75
5137,66
5138,54
5139,86
5140,77
5141,53
5142,76
5143,60
5144,55
5145,86
5146,85
5147,69
5148,71
5149,50
5150,73
5151,86
5152,76
5153,85
5154,58
5155,82
5156,90
5157,83
5158,79
5159,84
5160,91
5161,46
5162,45
5163,52
5164,38
5165,57
5166,59
5167,77
5168,88
5169,64
5170,92
5171,61
5172,87
5173,79
5174,38
5175,64
5176,70
5177,100
5178,61
5179,81
5180,66
5181,68
5182,61
5183,69
5184,91
5185,70
5186,69
5187,73
5188,66
5189,79
5190,40
5191,64
5192,39
5193,57
5194,80
5195,88
5196,71
5197,75
5198,55
5199,90
5200,91
5201,61
5202,77
5203,79
5204,41
5205,85
5206,73
5207,71
5208,72
5209,35
5210,60
5211,93
5212,50
5213,68
5214,60
5215,84
5216,67
5217,59
5218,67
5219,83
5220,70
5221,85
5222,66
5223,87
5224,96
5225,45
5226,86
5227,59
5228,59
5229,55
5230,100
5231,57
5232,60
5233,97
5234,71
5235,39
5236,70
5237,48
5238,71
5239,88
5240,65
5241,46
5242,72
5243,57
5244,85
5245,37
5246,71
5247,42
5248,86
5249,78
5250,88
5251,75
5252,62
5253,67
5254,69
5255,45
5256,68
5257,70
5258,39
5259,66
5260,65
5261,66
5262,58
5263,39
5264,52
5265,51
5266,68
5267,92
5268,49
5269,55
5270,73
5271,95
5272,47
5273,53
5274,66
5275,89
5276,44
5277,61
5278,66
5279,90
5280,97
5281,68
5282,57
5283,51
5284,68
5285,46
5286,85
5287,84
5288,66
5289,80
5290,62
5291,88
5292,53
5293,78
5294,61
5295,55
5296,52
5297,63
5298,40
5299,97
5300,86
5301,66
5302,84
5303,70
5304,56
5305,61
5306,52
5307,59
5308,64
5309,99
5310,79
5311,87
5312,56
5313,51
5314,48
5315,69
5316,90
5317,72
5318,75
5319,48
5320,78
5321,59
5322,71
5323,84
5324,68
5325,89
5326,87
5327,61
5328,60
5329,94
5330,52
5331,69
5332,69
5333,94
5334,76
5335,51
5336,80
5337,86
5338,64
5339,79
5340,72
5341,47
5342,67
5343,60
5344,68
5345,60
5346,50
5347,66
5348,72
5349,100
5350,54
5351,86
5352,39
5353,65
5354,87
5355,71
5356,81
5357,93
5358,91
5359,42
5360,52
5361,50
5362,84
5363,55
5364,62
5365,57
5366,95
5367,54
5368,87
5369,77
5370,60
5371,52
5372,55
5373,79
5374,91
5375,81
5376,68
5377,71
5378,67
5379,46
5380,82
5381,66
5382,58
5383,62
5384,39
5385,63
5386,78
5387,61
5388,50
5389,57
5390,82
5391,55
5392,77
5393,80
5394,49
5395,56
5396,93
5397,50
5398,61
5399,40
5400,63
5401,70
5402,60
5403,83
5404,100
5405,93
5406,83
5407,99
5408,88
5409,77
5410,77
5411,81
5412,53
5413,63
5414,56
5415,65
5416,89
5417,59
5418,63
5419,59
5420,55
5421,37
5422,91
5423,62
5424,75
5425,64
5426,53
5427,76
5428,49
5429,79
5430,43
5431,44
5432,54
5433,88
5434,58
5435,58
5436,43
5437,75
5438,65
5439,86
5440,74
5441,52
5442,77
5443,64
5444,93
5445,92
5446,60
5447,57
5448,73
5449,48
5450,75
5451,70
5452,70
5453,66
5454,44
5455,46
5456,65
5457,53
5458,48
5459,81
5460,55
5461,93
5462,77
5463,63
5464,100
5465,85
5466,56
5467,56
5468,69
5469,60
5470,56
5471,84
5472,68
5473,66
5474,83
5475,56
5476,92
5477,70
5478,94
5479,73
5480,45
5481,88
5482,74
5483,74
5484,37
5485,64
5486,51
5487,51
5488,76
5489,99
5490,48
5491,49
5492,52
5493,67
5494,71
5495,66
5496,53
5497,71
5498,61
5499,78
5500,97
5501,74
5502,73
5503,37
5504,44
5505,87
5506,90
5507,53
5508,82
5509,88
5510,95
5511,90
5512,64
5513,89
5514,83
5515,61
5516,74
5517,72
5518,42
5519,52
5520,59
5521,51
5522,61
5523,87
5524,67
5525,89
5526,87
5527,58
5528,41
5529,57
5530,34
5531,60
5532,66
5533,67
5534,83
5535,49
5536,57
5537,85
5538,96
5539,47
5540,71
5541,72
5542,61
5543,54
5544,52
5545,62
5546,88
5547,88
5548,73
5549,70
5550,46
5551,65
5552,80
5553,50
5554,75
5555,60
5556,47
5557,64
5558,51
5559,86
5560,52
5561,66
5562,50
5563,55
5564,51
5565,54
5566,64
5567,55
5568,70
5569,67
5570,64
5571,71
5572,47
5573,94
5574,56
5575,98
5576,49
5577,76
5578,51
5579,90
5580,54
5581,70
5582,72
5583,78
5584,44
5585,85
5586,71
5587,74
5588,69
5589,41
5590,94
5591,73
5592,61
5593,61
5594,72
5595,63
5596,72
5597,71
5598,80
5599,65
5600,67
5601,49
5602,53
5603,81
5604,55
5605,63
5606,70
5607,84
5608,51
5609,52
5610,72
5611,55
5612,64
5613,61
5614,62
5615,70
5616,49
5617,52
5618,94
5619,54
5620,61
5621,52
5622,87
5623,63
5624,56
5625,48
5626,58
5627,87
5628,46
5629,61
5630,84
5631,69
5632,77
5633,64
5634,69
5635,92
5636,90
5637,85
5638,98
5639,76
5640,52
5641,78
5642,64
5643,64
5644,70
5645,75
5646,90
5647,39
5648,90
5649,79
5650,59
5651,60
5652,82
5653,37
5654,57
5655,64
5656,79
5657,65
5658,53
5659,58
5660,74
5661,95
5662,41
5663,90
5664,63
5665,68
5666,65
5667,73
5668,70
5669,67
5670,75
5671,62
5672,75
5673,63
5674,79
5675,79
5676,58
5677,81
5678,51
5679,54
5680,91
5681,65
5682,56
5683,70
5684,80
5685,89
5686,57
5687,83
5688,73
5689,79
5690,86
5691,65
5692,72
5693,72
5694,55
5695,88
5696,70
5697,62
5698,43
5699,42
5700,46
5701,65
5702,60
5703,87
5704,81
5705,92
5706,77
5707,58
5708,80
5709,51
5710,69
5711,63
5712,74
5713,72
5714,60
5715,82
5716,67
5717,59
5718,68
5719,68
5720,73
5721,61
5722,90
5723,90
5724,63
5725,67
5726,65
5727,74
5728,71
5729,45
5730,60
5731,82
5732,56
5733,49
5734,67
5735,52
5736,51
5737,75
5738,59
5739,47
5740,42
5741,47
5742,45
5743,55
5744,62
5745,46
5746,41
5747,73
5748,79
5749,71
5750,70
5751,77
5752,49
5753,71
5754,55
5755,79
5756,76
5757,78
5758,49
5759,62
5760,71
5761,98
5762,82
5763,52
5764,59
5765,60
5766,65
5767,94
5768,52
5769,41
5770,50
5771,60
5772,67
5773,52
5774,80
5775,71
5776,86
5777,91
5778,47
5779,75
5780,62
5781,82
5782,52
5783,67
5784,77
5785,76
5786,85
5787,63
5788,54
5789,74
5790,48
5791,78
5792,86
5793,77
5794,49
5795,52
5796,85
5797,100
5798,67
5799,80
5800,58
5801,76
5802,77
5803,82
5804,73
5805,81
5806,92
5807,48
5808,56
5809,79
5810,92
5811,71
5812,83
5813,78
5814,61
5815,48
5816,52
5817,51
5818,86
5819,76
5820,75
5821,56
5822,56
5823,65
5824,74
5825,83
5826,76
5827,51
5828,49
5829,41
5830,86
5831,38
5832,92
5833,72
5834,53
5835,71
5836,80
5837,79
5838,71
5839,50
5840,71
5841,69
5842,55
5843,77
5844,50
5845,57
5846,81
5847,53
5848,74
5849,47
5850,54
5851,71
5852,54
5853,72
5854,59
5855,62
5856,61
5857,96
5858,52
5859,83
5860,60
5861,65
5862,63
5863,82
5864,70
5865,65
5866,85
5867,81
5868,61
5869,66
5870,74
5871,74
5872,57
5873,60
5874,63
5875,55
5876,71
5877,82
5878,68
5879,82
5880,55
5881,51
5882,66
5883,53
5884,87
5885,46
5886,61
5887,92
5888,93
5889,73
5890,80
5891,50
5892,54
5893,92
5894,81
5895,57
5896,50
5897,80
5898,56
5899,49
5900,76
5901,43
5902,57
5903,68
5904,80
5905,68
5906,54
5907,69
5908,96
5909,45
5910,70
5911,45
5912,94
5913,51
5914,61
5915,53
5916,38
5917,98
5918,41
5919,75
5920,60
5921,66
5922,95
5923,59
5924,38
5925,58
5926,83
5927,60
5928,78
5929,64
5930,62
5931,51
5932,73
5933,69
5934,57
5935,97
5936,94
5937,73
5938,38
5939,70
5940,78
5941,92
5942,67
5943,67
5944,54
5945,88
5946,82
5947,56
5948,79
5949,56
5950,96
5951,74
5952,60
5953,60
5954,37
5955,70
5956,56
5957,73
5958,63
5959,56
5960,64
5961,74
5962,60
5963,89
5964,35
5965,60
5966,71
5967,73
5968,49
5969,55
5970,81
5971,35
5972,75
5973,39
5974,80
5975,27
5976,91
5977,57
5978,60
5979,67
5980,67
5981,52
5982,76
5983,92
5984,49
5985,65
5986,61
5987,58
5988,90
5989,65
5990,73
5991,75
5992,76
5993,65
5994,45
5995,57
5996,86
5997,59
5998,74
5999,66
6000,69
6001,59
6002,82
6003,63
6004,66
6005,59
6006,54
6007,66
6008,61
6009,53
6010,82
6011,56
6012,46
6013,53
6014,84
6015,46
6016,77
6017,86
6018,50
6019,91
6020,37
6021,57
6022,79
6023,80
6024,73
6025,77
6026,71
6027,74
6028,54
6029,34
6030,51
6031,53
6032,70
6033,62
6034,60
6035,75
6036,43
6037,53
6038,67
6039,52
6040,80
6041,89
6042,60
6043,66
6044,88
6045,77
6046,47
6047,64
6048,66
6049,56
6050,46
6051,56
6052,87
6053,58
6054,47
6055,51
6056,49
6057,54
6058,44
6059,78
6060,71
6061,42
6062,55
6063,55
6064,54
6065,68
6066,94
6067,93
6068,65
6069,50
6070,67
6071,82
6072,83
6073,63
6074,82
6075,75
6076,52
6077,100
6078,73
6079,75
6080,48
6081,64
6082,42
6083,48
6084,54
6085,75
6086,79
6087,66
6088,90
6089,76
6090,91
6091,66
6092,68
6093,72
6094,75
6095,64
6096,69
6097,79
6098,46
6099,53
6100,55
6101,48
6102,88
6103,59
6104,53
6105,73
6106,88
6107,70
6108,63
6109,98
6110,40
6111,46
6112,56
6113,66
6114,67
6115,44
6116,50
6117,47
6118,67
6119,45
6120,66
6121,48
6122,60
6123,94
6124,89
6125,70
6126,91
6127,65
6128,62
6129,63
6130,43
6131,74
6132,63
6133,93
6134,90
6135,38
6136,97
6137,62
6138,85
6139,74
6140,90
6141,100
6142,85
6143,57
6144,64
6145,57
6146,33
6147,53
6148,66
6149,56
6150,56
6151,60
6152,95
6153,72
6154,47
6155,86
6156,44
6157,64
6158,46
6159,82
6160,90
6161,98
6162,73
6163,80
6164,63
6165,87
6166,65
6167,46
6168,66
6169,28
6170,67
6171,80
6172,78
6173,60
6174,58
6175,80
6176,59
6177,49
6178,68
6179,58
6180,59
6181,58
6182,76
6183,64
6184,79
6185,75
6186,75
6187,51
6188,92
6189,54
6190,63
6191,57
6192,64
6193,65
6194,68
6195,79
6196,63
6197,50
6198,87
6199,34
6200,70
6201,48
6202,70
6203,73
6204,61
6205,72
6206,46
6207,43
6208,77
6209,67
6210,61
6211,100
6212,80
6213,62
6214,67
6215,73
6216,50
6217,48
6218,55
6219,62
6220,83
6221,73
6222,57
6223,78
6224,76
6225,89
6226,66
6227,57
6228,33
6229,53
6230,88
6231,84
6232,98
6233,81
6234,64
6235,51
6236,79
6237,65
6238,61
6239,56
6240,63
6241,55
6242,85
6243,60
6244,98
6245,76
6246,54
6247,52
6248,52
6249,48
6250,49
6251,79
6252,54
6253,96
6254,52
6255,61
6256,71
6257,66
6258,93
6259,65
6260,57
6261,77
6262,78
6263,80
6264,44
6265,65
6266,75
6267,72
6268,75
6269,82
6270,48
6271,69
6272,81
6273,76
6274,62
6275,49
6276,43
6277,69
6278,59
6279,98
6280,62
6281,63
6282,72
6283,47
6284,65
6285,59
6286,78
6287,76
6288,53
6289,60
6290,81
6291,61
6292,62
6293,85
6294,68
6295,81
6296,64
6297,71
6298,65
6299,47
6300,56
6301,100
6302,59
6303,85
6304,53
6305,83
6306,63
6307,91
6308,77
6309,62
6310,50
6311,79
6312,81
6313,95
6314,91
6315,63
6316,54
6317,84
6318,69
6319,75
6320,90
6321,61
6322,65
6323,78
6324,54
6325,72
6326,53
6327,45
6328,44
6329,46
6330,62
6331,64
6332,62
6333,61
6334,78
6335,61
6336,58
6337,75
6338,73
6339,64
6340,75
6341,56
6342,58
6343,54
6344,73
6345,54
6346,69
6347,87
6348,52
6349,71
6350,56
6351,46
6352,62
6353,94
6354,48
6355,51
6356,97
6357,63
6358,47
6359,76
6360,53
6361,72
6362,66
6363,53
6364,58
6365,47
6366,76
6367,88
6368,71
6369,69
6370,91
6371,83
6372,70
6373,57
6374,57
6375,71
6376,46
6377,86
6378,79
6379,86
6380,54
6381,69
6382,53
6383,64
6384,85
6385,81
6386,50
6387,88
6388,56
6389,60
6390,71
6391,76
6392,64
6393,70
6394,39
6395,57
6396,52
6397,48
6398,71
6399,86
6400,74
6401,61
6402,86
6403,69
6404,71
6405,70
6406,63
6407,71
6408,53
6409,83
6410,94
6411,71
6412,70
6413,70
6414,53
6415,55
6416,68
6417,80
6418,92
6419,76
6420,38
6421,64
6422,60
6423,54
6424,88
6425,56
6426,47
6427,82
6428,48
6429,82
6430,74
6431,54
6432,70
6433,85
6434,77
6435,88
6436,88
6437,86
6438,77
6439,45
6440,90
6441,49
6442,86
6443,59
6444,94
6445,61
6446,53
6447,49
6448,70
6449,69
6450,82
6451,31
6452,66
6453,49
6454,76
6455,59
6456,92
6457,93
6458,49
6459,71
6460,83
6461,48
6462,69
6463,45
6464,71
6465,60
6466,30
6467,83
6468,47
6469,92
6470,72
6471,54
6472,71
6473,76
6474,57
6475,58
6476,67
6477,40
6478,59
6479,65
6480,94
6481,73
6482,76
6483,55
6484,66
6485,73
6486,50
6487,48
6488,43
6489,54
6490,61
6491,52
6492,98
6493,66
6494,74
6495,84
6496,57
6497,45
6498,69
6499,98
6500,47
6501,85
6502,86
6503,61
6504,63
6505,85
6506,41
6507,47
6508,93
6509,71
6510,96
6511,63
6512,94
6513,41
6514,87
6515,77
6516,54
6517,75
6518,58
6519,64
6520,36
6521,59
6522,87
6523,67
6524,76
6525,48
6526,61
6527,44
6528,73
6529,72
6530,82
6531,62
6532,56
6533,44
6534,64
6535,70
6536,76
6537,72
6538,34
6539,52
6540,56
6541,62
6542,57
6543,83
6544,48
6545,72
6546,51
6547,51
6548,70
6549,59
6550,49
6551,79
6552,71
6553,66
6554,59
6555,67
6556,65
6557,76
6558,66
6559,51
6560,89
6561,89
6562,55
6563,63
6564,53
6565,55
6566,62
6567,55
6568,77
6569,89
6570,64
6571,64
6572,58
6573,34
6574,73
6575,53
6576,93
6577,61
6578,52
6579,97
6580,74
6581,80
6582,73
6583,65
6584,73
6585,39
6586,63
6587,85
6588,64
6589,82
6590,78
6591,55
6592,57
6593,78
6594,60
6595,68
6596,79
6597,73
6598,77
6599,74
6600,63
6601,93
6602,43
6603,72
6604,57
6605,93
6606,59
6607,82
6608,55
6609,50
6610,86
6611,68
6612,62
6613,62
6614,58
6615,98
6616,75
6617,49
6618,80
6619,77
6620,93
6621,52
6622,81
6623,49
6624,52
6625,86
6626,73
6627,49
6628,67
6629,74
6630,64
6631,62
6632,68
6633,69
6634,58
6635,59
6636,70
6637,47
6638,74
6639,60
6640,61
6641,71
6642,69
6643,90
6644,46
6645,70
6646,84
6647,65
6648,73
6649,79
6650,58
6651,62
6652,83
6653,49
6654,82
6655,52
6656,63
6657,63
6658,87
6659,70
6660,81
6661,59
6662,49
6663,44
6664,61
6665,90
6666,87
6667,80
6668,68
6669,82
6670,77
6671,56
6672,55
6673,43
6674,53
6675,71
6676,65
6677,99
6678,64
6679,67
6680,83
6681,67
6682,55
6683,63
6684,77
6685,49
6686,71
6687,64
6688,66
6689,92
6690,52
6691,74
6692,78
6693,81
6694,57
6695,52
6696,67
6697,52
6698,75
6699,60
6700,60
6701,70
6702,84
6703,47
6704,69
6705,61
6706,61
6707,61
6708,72
6709,72
6710,92
6711,44
6712,75
6713,79
6714,50
6715,57
6716,42
6717,92
6718,79
6719,87
6720,61
6721,81
6722,100
6723,62
6724,63
6725,58
6726,91
6727,87
6728,64
6729,45
6730,61
6731,62
6732,95
6733,79
6734,68
6735,58
6736,96
6737,69
6738,90
6739,72
6740,74
6741,56
6742,86
6743,76
6744,67
6745,47
6746,87
6747,53
6748,52
6749,58
6750,46
6751,37
6752,82
6753,58
6754,85
6755,81
6756,56
6757,51
6758,41
6759,59
6760,90
6761,39
6762,62
6763,65
6764,46
6765,80
6766,79
6767,47
6768,34
6769,86
6770,49
6771,77
6772,83
6773,53
6774,55
6775,64
6776,85
6777,66
6778,37
6779,84
6780,72
6781,83
6782,84
6783,67
6784,70
6785,73
6786,69
6787,90
6788,59
6789,71
6790,55
6791,73
6792,76
6793,65
6794,66
6795,95
6796,63
6797,95
6798,99
6799,62
6800,54
6801,70
6802,56
6803,59
6804,73
6805,51
6806,38
6807,78
6808,74
6809,75
6810,52
6811,99
6812,42
6813,56
6814,60
6815,85
6816,74
6817,85
6818,83
6819,72
6820,55
6821,59
6822,94
6823,77
6824,67
6825,67
6826,74
6827,57
6828,42
6829,81
6830,91
6831,55
6832,94
6833,40
6834,69
6835,61
6836,88
6837,70
6838,65
6839,94
6840,51
6841,100
6842,67
6843,75
6844,90
6845,48
6846,49
6847,44
6848,54
6849,79
6850,52
6851,72
6852,39
6853,67
6854,58
6855,55
6856,82
6857,51
6858,63
6859,92
6860,85
6861,63
6862,75
6863,32
6864,43
6865,51
6866,69
6867,84
6868,87
6869,57
6870,64
6871,52
6872,61
6873,54
6874,61
6875,68
6876,70
6877,62
6878,57
6879,58
6880,52
6881,91
6882,73
6883,39
6884,53
6885,83
6886,54
6887,52
6888,73
6889,47
6890,39
6891,74
6892,50
6893,43
6894,50
6895,65
6896,80
6897,54
6898,51
6899,51
6900,88
6901,82
6902,72
6903,67
6904,70
6905,51
6906,62
6907,79
6908,98
6909,65
6910,78
6911,66
6912,75
6913,69
6914,70
6915,76
6916,70
6917,76
6918,55
6919,81
6920,73
6921,57
6922,72
6923,74
6924,56
6925,65
6926,90
6927,60
6928,35
6929,65
6930,69
6931,87
6932,59
6933,76
6934,44
6935,90
6936,73
6937,88
6938,72
6939,96
6940,58
6941,66
6942,77
6943,45
6944,42
6945,54
6946,41
6947,84
6948,79
6949,76
6950,63
6951,81
6952,51
6953,66
6954,72
6955,73
6956,56
6957,61
6958,61
6959,74
6960,62
6961,92
6962,68
6963,73
6964,59
6965,44
6966,58
6967,77
6968,47
6969,80
6970,72
6971,57
6972,87
6973,50
6974,76
6975,59
6976,82
6977,54
6978,78
6979,76
6980,64
6981,64
6982,59
6983,43
6984,87
6985,89
6986,84
6987,62
6988,59
6989,73
6990,59
6991,66
6992,71
6993,79
6994,66
6995,50
6996,77
6997,67
6998,67
6999,47
7000,89
7001,57
7002,68
7003,64
7004,85
7005,57
7006,66
7007,97
7008,60
7009,65
7010,52
7011,74
7012,63
7013,84
7014,54
7015,68
7016,72
7017,61
7018,65
7019,52
7020,51
7021,82
7022,56
7023,59
7024,70
7025,50
7026,88
7027,66
7028,85
7029,81
7030,59
7031,72
7032,79
7033,59
7034,61
7035,64
7036,52
7037,60
7038,63
7039,69
7040,72
7041,44
7042,73
7043,94
7044,69
7045,47
7046,58
7047,97
7048,74
7049,69
7050,84
7051,56
7052,57
7053,52
7054,72
7055,77
7056,71
7057,71
7058,50
7059,68
7060,81
7061,84
7062,66
7063,48
7064,43
7065,52
7066,72
7067,79
7068,59
7069,78
7070,65
7071,85
7072,43
7073,62
7074,50
7075,70
7076,58
7077,68
7078,48
7079,96
7080,71
7081,47
7082,73
7083,52
7084,77
7085,70
7086,54
7087,100
7088,59
7089,46
7090,53
7091,70
7092,84
7093,53
7094,50
7095,91
7096,61
7097,76
7098,80
7099,63
7100,78
7101,69
7102,78
7103,62
7104,67
7105,74
7106,47
7107,38
7108,76
7109,60
7110,78
7111,97
7112,49
7113,50
7114,62
7115,97
7116,86
7117,84
7118,69
7119,69
7120,58
7121,67
7122,76
7123,51
7124,99
7125,44
7126,54
7127,44
7128,79
7129,64
7130,95
7131,84
7132,74
7133,38
7134,83
7135,57
7136,66
7137,82
7138,44
7139,66
7140,50
7141,63
7142,70
7143,74
7144,46
7145,87
7146,39
7147,82
7148,81
7149,41
7150,75
7151,93
7152,85
7153,52
7154,78
7155,46
7156,43
7157,63
7158,76
7159,59
7160,42
7161,66
7162,55
7163,78
7164,43
7165,58
7166,43
7167,49
7168,57
7169,61
7170,50
7171,46
7172,64
7173,61
7174,73
7175,55
7176,59
7177,81
7178,58
7179,66
7180,87
7181,91
7182,71
7183,81
7184,54
7185,97
7186,62
7187,59
7188,93
7189,59
7190,68
7191,69
7192,70
7193,64
7194,80
7195,83
7196,62
7197,78
7198,57
7199,62
7200,78
7201,73
7202,55
7203,93
7204,57
7205,56
7206,66
7207,77
7208,97
7209,69
7210,70
7211,78
7212,83
7213,64
7214,45
7215,76
7216,59
7217,86
7218,56
7219,51
7220,81
7221,49
7222,57
7223,66
7224,69
7225,54
7226,87
7227,71
7228,45
7229,67
7230,50
7231,68
7232,60
7233,75
7234,72
7235,85
7236,68
7237,100
7238,85
7239,59
7240,71
7241,77
7242,66
7243,73
7244,56
7245,56
7246,75
7247,45
7248,44
7249,82
7250,64
7251,44
7252,65
7253,71
7254,58
7255,63
7256,81
7257,70
7258,63
7259,63
7260,65
7261,53
7262,61
7263,65
7264,68
7265,59
7266,66
7267,87
7268,50
7269,66
7270,71
7271,53
7272,82
7273,79
7274,75
7275,78
7276,73
7277,65
7278,64
7279,91
7280,63
7281,60
7282,84
7283,94
7284,87
7285,81
7286,59
7287,75
7288,68
7289,64
7290,59
7291,100
7292,70
7293,72
7294,79
7295,53
7296,72
7297,78
7298,94
7299,69
7300,84
7301,58
7302,82
7303,56
7304,73
7305,43
7306,86
7307,54
7308,68
7309,76
7310,78
7311,52
7312,48
7313,86
7314,79
7315,77
7316,56
7317,65
7318,83
7319,50
7320,54
7321,61
7322,86
7323,79
7324,76
7325,61
7326,66
7327,75
7328,98
7329,68
7330,45
7331,64
7332,72
7333,62
7334,83
7335,67
7336,66
7337,75
7338,91
7339,62
7340,53
7341,68
7342,73
7343,41
7344,89
7345,85
7346,82
7347,48
7348,96
7349,62
7350,74
7351,67
7352,61
7353,50
7354,99
7355,67
7356,64
7357,74
7358,96
7359,77
7360,94
7361,75
7362,72
7363,66
7364,84
7365,65
7366,77
7367,82
7368,69
7369,72
7370,55
7371,71
7372,63
7373,95
7374,62
7375,55
7376,43
7377,81
7378,80
7379,64
7380,84
7381,52
7382,93
7383,72
7384,52
7385,63
7386,70
7387,66
7388,54
7389,78
7390,59
7391,74
7392,49
7393,72
7394,88
7395,44
7396,54
7397,56
7398,76
7399,62
7400,56
7401,52
7402,67
7403,52
7404,62
7405,91
7406,69
7407,83
7408,60
7409,51
7410,52
7411,50
7412,92
7413,93
7414,89
7415,89
7416,42
7417,60
7418,97
7419,55
7420,89
7421,49
7422,42
7423,58
7424,61
7425,90
7426,65
7427,75
7428,56
7429,51
7430,61
7431,93
7432,46
7433,64
7434,75
7435,52
7436,50
7437,61
7438,58
7439,92
7440,46
7441,89
7442,59
7443,62
7444,83
7445,52
7446,88
7447,65
7448,75
7449,54
7450,36
7451,57
7452,73
7453,97
7454,76
7455,91
7456,84
7457,69
7458,45
7459,66
7460,45
7461,65
7462,49
7463,71
7464,65
7465,63
7466,66
7467,74
7468,71
7469,58
7470,85
7471,63
7472,52
7473,52
7474,49
7475,70
7476,75
7477,59
7478,71
7479,44
7480,80
7481,83
7482,78
7483,43
7484,53
7485,59
7486,72
7487,67
7488,76
7489,86
7490,36
7491,74
7492,54
7493,62
7494,60
7495,55
7496,67
7497,89
7498,82
7499,77
7500,63
7501,56
7502,91
7503,40
7504,74
7505,59
7506,86
7507,66
7508,52
7509,54
7510,71
7511,45
7512,66
7513,79
7514,78
7515,49
7516,69
7517,57
7518,79
7519,72
7520,61
7521,46
7522,67
7523,85
7524,78
7525,97
7526,67
7527,70
7528,77
7529,49
7530,59
7531,71
7532,75
7533,40
7534,65
7535,48
7536,46
7537,53
7538,61
7539,65
7540,78
7541,99
7542,46
7543,100
7544,55
7545,80
7546,74
7547,58
7548,97
7549,78
7550,50
7551,50
7552,54
7553,59
7554,64
7555,46
7556,76
7557,48
7558,91
7559,77
7560,85
7561,40
7562,88
7563,74
7564,62
7565,93
7566,61
7567,65
7568,49
7569,77
7570,52
7571,53
7572,68
7573,62
7574,50
7575,80
7576,47
7577,45
7578,67
7579,69
7580,63
7581,95
7582,83
7583,81
7584,58
7585,64
7586,81
7587,64
7588,86
7589,48
7590,66
7591,91
7592,82
7593,59
7594,70
7595,68
7596,64
7597,46
7598,97
7599,46
7600,90
7601,81
7602,61
7603,65
7604,69
7605,62
7606,73
7607,54
7608,55
7609,71
7610,50
7611,76
7612,98
7613,91
7614,43
7615,66
7616,58
7617,75
7618,61
7619,85
7620,76
7621,50
7622,47
7623,60
7624,47
7625,70
7626,90
7627,64
7628,80
7629,55
7630,48
7631,79
7632,74
7633,73
7634,68
7635,81
7636,59
7637,60
7638,64
7639,47
7640,71
7641,48
7642,70
7643,51
7644,61
7645,60
7646,57
7647,69
7648,62
7649,83
7650,80
7651,49
7652,60
7653,61
7654,74
7655,47
7656,98
7657,54
7658,63
7659,91
7660,63
7661,51
7662,73
7663,49
7664,47
7665,74
7666,100
7667,32
7668,59
7669,67
7670,77
7671,65
7672,50
7673,54
7674,92
7675,66
7676,84
7677,76
7678,53
7679,66
7680,92
7681,97
7682,75
7683,85
7684,90
7685,34
7686,47
7687,71
7688,67
7689,43
7690,61
7691,65
7692,82
7693,65
7694,94
7695,43
7696,73
7697,52
7698,70
7699,54
7700,57
7701,71
7702,36
7703,56
7704,75
7705,99
7706,62
7707,70
7708,61
7709,69
7710,73
7711,88
7712,87
7713,78
7714,73
7715,59
7716,71
7717,62
7718,44
7719,89
7720,51
7721,47
7722,54
7723,90
7724,46
7725,91
7726,78
7727,75
7728,84
7729,57
7730,99
7731,89
7732,87
7733,53
7734,100
7735,52
7736,68
7737,59
7738,68
7739,82
7740,57
7741,88
7742,76
7743,69
7744,47
7745,52
7746,94
7747,49
7748,54
7749,88
7750,60
7751,68
7752,76
7753,66
7754,53
7755,49
7756,79
7757,86
7758,78
7759,82
7760,72
7761,77
7762,82
7763,43
7764,74
7765,67
7766,59
7767,94
7768,95
7769,69
7770,68
7771,59
7772,60
7773,80
7774,40
7775,51
7776,78
7777,72
7778,52
7779,51
7780,52
7781,64
7782,81
7783,46
7784,46
7785,79
7786,70
7787,63
7788,83
7789,75
7790,61
7791,43
7792,87
7793,67
7794,95
7795,50
7796,71
7797,75
7798,57
7799,67
7800,90
7801,76
7802,69
7803,51
7804,67
7805,51
7806,49
7807,50
7808,58
7809,51
7810,52
7811,74
7812,62
7813,88
7814,90
7815,66
7816,45
7817,70
7818,61
7819,82
7820,93
7821,71
7822,51
7823,66
7824,66
7825,62
7826,73
7827,55
7828,48
7829,78
7830,68
7831,59
7832,43
7833,73
7834,59
7835,42
7836,73
7837,72
7838,86
7839,78
7840,75
7841,37
7842,79
7843,62
7844,54
7845,55
7846,62
7847,61
7848,56
7849,57
7850,71
7851,78
7852,78
7853,84
7854,55
7855,47
7856,30
7857,73
7858,75
7859,84
7860,83
7861,68
7862,60
7863,97
7864,66
7865,77
7866,40
7867,79
7868,59
7869,76
7870,66
7871,77
7872,40
7873,90
7874,91
7875,67
7876,71
7877,95
7878,78
7879,42
7880,80
7881,63
7882,81
7883,86
7884,42
7885,59
7886,89
7887,81
7888,61
7889,62
7890,58
7891,67
7892,44
7893,94
7894,87
7895,67
7896,58
7897,50
7898,78
7899,81
7900,75
7901,82
7902,50
7903,87
7904,95
7905,47
7906,92
7907,64
7908,56
7909,97
7910,74
7911,87
7912,60
7913,93
7914,58
7915,72
7916,58
7917,89
7918,38
7919,65
7920,47
7921,73
7922,57
7923,71
7924,90
7925,49
7926,99
7927,64
7928,54
7929,75
7930,78
7931,73
7932,72
7933,50
7934,52
7935,49
7936,94
7937,56
7938,83
7939,90
7940,54
7941,83
7942,61
7943,77
7944,78
7945,78
7946,77
7947,61
7948,62
7949,78
7950,69
7951,65
7952,68
7953,60
7954,82
7955,74
7956,68
7957,95
7958,46
7959,63
7960,34
7961,69
7962,84
7963,62
7964,77
7965,83
7966,66
7967,63
7968,69
7969,51
7970,93
7971,57
7972,84
7973,82
7974,61
7975,71
7976,87
7977,58
7978,50
7979,61
7980,86
7981,68
7982,58
7983,95
7984,94
7985,94
7986,42
7987,72
7988,53
7989,56
7990,43
7991,79
7992,77
7993,62
7994,68
7995,47
7996,61
7997,64
7998,57
7999,73
8000,73
8001,39
8002,58
8003,74
8004,91
8005,88
8006,63
8007,57
8008,62
8009,68
8010,69
8011,69
8012,61
8013,54
8014,68
8015,65
8016,85
8017,85
8018,88
8019,63
8020,59
8021,48
8022,74
8023,86
8024,50
8025,62
8026,77
8027,88
8028,54
8029,72
8030,42
8031,56
8032,72
8033,75
8034,87
8035,52
8036,45
8037,68
8038,69
8039,47
8040,68
8041,98
8042,50
8043,48
8044,55
8045,80
8046,75
8047,37
8048,75
8049,48
8050,70
8051,91
8052,87
8053,70
8054,76
8055,57
8056,90
8057,67
8058,70
8059,54
8060,64
8061,84
8062,57
8063,64
8064,65
8065,76
8066,55
8067,74
8068,42
8069,43
8070,74
8071,58
8072,68
8073,53
8074,95
8075,92
8076,80
8077,68
8078,58
8079,50
8080,54
8081,60
8082,43
8083,64
8084,72
8085,79
8086,71
8087,82
8088,79
8089,45
8090,49
8091,61
8092,61
8093,51
8094,79
8095,70
8096,67
8097,44
8098,73
8099,87
8100,77
8101,77
8102,74
8103,73
8104,56
8105,33
8106,50
8107,59
8108,55
8109,36
8110,55
8111,77
8112,44
8113,48
8114,59
8115,78
8116,61
8117,63
8118,67
8119,77
8120,100
8121,49
8122,55
8123,63
8124,68
8125,66
8126,74
8127,80
8128,86
8129,68
8130,65
8131,89
8132,53
8133,72
8134,91
8135,64
8136,70
8137,38
8138,67
8139,92
8140,61
8141,68
8142,50
8143,60
8144,69
8145,86
8146,48
8147,64
8148,60
8149,85
8150,55
8151,66
8152,87
8153,82
8154,64
8155,97
8156,93
8157,56
8158,81
8159,82
8160,63
8161,89
8162,90
8163,70
8164,36
8165,44
8166,32
8167,48
8168,70
8169,45
8170,63
8171,88
8172,69
8173,64
8174,85
8175,60
8176,58
8177,86
8178,76
8179,52
8180,59
8181,58
8182,68
8183,38
8184,73
8185,95
8186,77
8187,68
8188,62
8189,96
8190,52
8191,59
8192,51
8193,66
8194,46
8195,50
8196,82
8197,98
8198,50
8199,96
8200,60
8201,38
8202,43
8203,58
8204,53
8205,83
8206,69
8207,69
8208,50
8209,55
8210,92
8211,43
8212,61
8213,41
8214,96
8215,64
8216,85
8217,76
8218,47
8219,77
8220,86
8221,88
8222,56
8223,91
8224,56
8225,67
8226,47
8227,70
8228,73
8229,59
8230,47
8231,65
8232,81
8233,55
8234,87
8235,55
8236,64
8237,71
8238,65
8239,71
8240,44
8241,73
8242,48
8243,66
8244,53
8245,48
8246,71
8247,51
8248,62
8249,60
8250,45
8251,59
8252,71
8253,61
8254,80
8255,72
8256,92
8257,59
8258,71
8259,85
8260,62
8261,64
8262,51
8263,46
8264,43
8265,54
8266,64
8267,52
8268,73
8269,70
8270,39
8271,75
8272,68
8273,59
8274,60
8275,62
8276,76
8277,53
8278,94
8279,53
8280,77
8281,69
8282,97
8283,59
8284,88
8285,64
8286,52
8287,59
8288,62
8289,78
8290,85
8291,46
8292,72
8293,80
8294,54
8295,74
8296,77
8297,55
8298,78
8299,74
8300,71
8301,49
8302,89
8303,55
8304,86
8305,76
8306,78
8307,91
8308,59
8309,94
8310,91
8311,54
8312,48
8313,57
8314,60
8315,60
8316,45
8317,68
8318,48
8319,65
8320,82
8321,77
8322,77
8323,82
8324,52
8325,46
8326,53
8327,72
8328,47
8329,53
8330,70
8331,53
8332,77
8333,58
8334,76
8335,68
8336,54
8337,59
8338,59
8339,69
8340,50
8341,64
8342,48
8343,66
8344,85
8345,85
8346,58
8347,66
8348,55
8349,48
8350,77
8351,85
8352,52
8353,83
8354,63
8355,34
8356,46
8357,63
8358,50
8359,52
8360,51
8361,97
8362,79
8363,56
8364,94
8365,65
8366,62
8367,76
8368,44
8369,69
8370,80
8371,74
8372,97
8373,70
8374,45
8375,89
8376,55
8377,62
8378,80
8379,55
8380,51
8381,92
8382,90
8383,86
8384,57
8385,65
8386,73
8387,93
8388,98
8389,78
8390,100
8391,36
8392,41
8393,57
8394,90
8395,77
8396,65
8397,82
8398,52
8399,60
8400,82
8401,65
8402,37
8403,81
8404,57
8405,73
8406,51
8407,53
8408,74
8409,74
8410,40
8411,70
8412,61
8413,92
8414,87
8415,73
8416,57
8417,77
8418,57
8419,40
8420,73
8421,55
8422,68
8423,60
8424,81
8425,63
8426,47
8427,66
8428,66
8429,91
8430,60
8431,75
8432,50
8433,70
8434,57
8435,71
8436,59
8437,62
8438,52
8439,51
8440,53
8441,63
8442,56
8443,60
8444,75
8445,49
8446,64
8447,64
8448,52
8449,56
8450,91
8451,74
8452,100
8453,72
8454,65
8455,86
8456,72
8457,56
8458,96
8459,47
8460,75
8461,70
8462,54
8463,65
8464,83
8465,80
8466,50
8467,55
8468,61
8469,73
8470,59
8471,56
8472,68
8473,77
8474,61
8475,58
8476,79
8477,66
8478,55
8479,57
8480,78
8481,91
8482,56
8483,78
8484,49
8485,74
8486,91
8487,60
8488,47
8489,83
8490,57
8491,90
8492,66
8493,85
8494,47
8495,86
8496,67
8497,95
8498,90
8499,66
8500,53
8501,70
8502,92
8503,41
8504,66
8505,58
8506,72
8507,76
8508,96
8509,74
8510,48
8511,79
8512,69
8513,78
8514,75
8515,90
8516,64
8517,71
8518,67
8519,64
8520,60
8521,56
8522,59
8523,73
8524,49
8525,79
8526,62
8527,80
8528,62
8529,84
8530,99
8531,58
8532,87
8533,48
8534,72
8535,55
8536,53
8537,82
8538,50
8539,48
8540,64
8541,62
8542,81
8543,57
8544,88
8545,44
8546,64
8547,61
8548,55
8549,51
8550,63
8551,73
8552,77
8553,85
8554,84
8555,70
8556,57
8557,89
8558,65
8559,54
8560,65
8561,82
8562,63
8563,99
8564,62
8565,58
8566,62
8567,99
8568,62
8569,46
8570,89
8571,51
8572,80
8573,46
8574,53
8575,63
8576,53
8577,47
8578,90
8579,49
8580,71
8581,58
8582,73
8583,43
8584,51
8585,68
8586,51
8587,48
8588,79
8589,63
8590,70
8591,70
8592,75
8593,50
8594,76
8595,87
8596,58
8597,52
8598,69
8599,79
8600,68
8601,78
8602,78
8603,36
8604,66
8605,71
8606,81
8607,57
8608,80
8609,67
8610,87
8611,80
8612,57
8613,69
8614,56
8615,85
8616,96
8617,77
8618,46
8619,72
8620,51
8621,60
8622,81
8623,40
8624,51
8625,87
8626,57
8627,78
8628,72
8629,59
8630,55
8631,67
8632,60
8633,74
8634,60
8635,55
8636,79
8637,62
8638,79
8639,73
8640,92
8641,66
8642,59
8643,84
8644,66
8645,66
8646,86
8647,92
8648,67
8649,66
8650,74
8651,78
8652,75
8653,85
8654,72
8655,74
8656,75
8657,40
8658,58
8659,61
8660,80
8661,48
8662,70
8663,81
8664,66
8665,58
8666,96
8667,65
8668,61
8669,78
8670,68
8671,50
8672,71
8673,89
8674,67
8675,62
8676,73
8677,82
8678,40
8679,56
8680,61
8681,66
8682,83
8683,55
8684,95
8685,64
8686,57
8687,71
8688,60
8689,73
8690,89
8691,70
8692,75
8693,84
8694,52
8695,90
8696,64
8697,47
8698,66
8699,49
8700,72
8701,87
8702,62
8703,63
8704,74
8705,83
8706,63
8707,65
8708,94
8709,67
8710,55
8711,66
8712,53
8713,81
8714,83
8715,99
8716,80
8717,60
8718,70
8719,80
8720,54
8721,70
8722,59
8723,62
8724,83
8725,79
8726,45
8727,86
8728,88
8729,63
8730,55
8731,64
8732,46
8733,90
8734,71
8735,73
8736,93
8737,59
8738,72
8739,82
8740,78
8741,81
8742,86
8743,60
8744,67
8745,90
8746,94
8747,55
8748,55
8749,63
8750,63
8751,67
8752,67
8753,74
8754,71
8755,55
8756,39
8757,62
8758,65
8759,45
8760,50
8761,53
8762,83
8763,57
8764,65
8765,86
8766,61
8767,53
8768,90
8769,88
8770,55
8771,66
8772,73
8773,65
8774,64
8775,88
8776,42
8777,66
8778,60
8779,72
8780,49
8781,78
8782,62
8783,42
8784,66
8785,43
8786,52
8787,60
8788,56
8789,66
8790,40
8791,52
8792,38
8793,65
8794,63
8795,52
8796,59
8797,63
8798,60
8799,53
8800,70
8801,72
8802,51
8803,91
8804,68
8805,79
8806,48
8807,45
8808,56
8809,61
8810,73
8811,52
8812,54
8813,70
8814,75
8815,94
8816,58
8817,77
8818,95
8819,67
8820,93
8821,88
8822,61
8823,98
8824,69
8825,62
8826,79
8827,71
8828,60
8829,54
8830,86
8831,43
8832,80
8833,95
8834,55
8835,51
8836,73
8837,92
8838,77
8839,77
8840,63
8841,92
8842,66
8843,48
8844,61
8845,75
8846,70
8847,70
8848,47
8849,80
8850,58
8851,72
8852,66
8853,71
8854,80
8855,70
8856,80
8857,41
8858,86
8859,94
8860,54
8861,52
8862,81
8863,79
8864,48
8865,49
8866,50
8867,62
8868,36
8869,76
8870,79
8871,63
8872,43
8873,60
8874,66
8875,74
8876,62
8877,74
8878,68
8879,63
8880,56
8881,63
8882,69
8883,74
8884,74
8885,65
8886,71
8887,60
8888,66
8889,63
8890,40
8891,62
8892,70
8893,86
8894,69
8895,64
8896,63
8897,81
8898,61
8899,43
8900,70
8901,66
8902,53
8903,69
8904,67
8905,86
8906,79
8907,79
8908,50
8909,49
8910,40
8911,63
8912,48
8913,71
8914,65
8915,91
8916,58
8917,51
8918,56
8919,87
8920,68
8921,76
8922,35
8923,81
8924,45
8925,57
8926,52
8927,82
8928,81
8929,52
8930,91
8931,49
8932,83
8933,44
8934,53
8935,52
8936,67
8937,51
8938,58
8939,63
8940,48
8941,81
8942,67
8943,83
8944,65
8945,74
8946,94
8947,64
8948,87
8949,83
8950,48
8951,78
8952,74
8953,83
8954,80
8955,63
8956,59
8957,76
8958,75
8959,86
8960,68
8961,53
8962,77
8963,67
8964,54
8965,88
8966,71
8967,95
8968,58
8969,87
8970,81
8971,56
8972,70
8973,86
8974,51
8975,42
8976,52
8977,85
8978,54
8979,51
8980,66
8981,54
8982,49
8983,65
8984,64
8985,54
8986,95
8987,66
8988,71
8989,63
8990,91
8991,41
8992,68
8993,74
8994,57
8995,35
8996,92
8997,77
8998,78
8999,62
9000,81
9001,42
9002,61
9003,80
9004,70
9005,73
9006,45
9007,97
9008,77
9009,96
9010,54
9011,71
9012,66
9013,49
9014,52
9015,80
9016,67
9017,57
9018,83
9019,60
9020,75
9021,55
9022,73
9023,70
9024,56
9025,60
9026,58
9027,53
9028,55
9029,82
9030,62
9031,64
9032,43
9033,70
9034,80
9035,57
9036,99
9037,58
9038,47
9039,39
9040,59
9041,54
9042,63
9043,61
9044,68
9045,93
9046,72
9047,70
9048,68
9049,64
9050,73
9051,100
9052,39
9053,64
9054,62
9055,88
9056,93
9057,60
9058,87
9059,53
9060,79
9061,52
9062,65
9063,85
9064,68
9065,51
9066,75
9067,67
9068,76
9069,58
9070,65
9071,59
9072,45
9073,93
9074,65
9075,96
9076,61
9077,61
9078,47
9079,82
9080,95
9081,65
9082,76
9083,47
9084,81
9085,84
9086,96
9087,81
9088,66
9089,47
9090,60
9091,47
9092,67
9093,73
9094,54
9095,65
9096,78
9097,63
9098,55
9099,46
9100,86
9101,77
9102,45
9103,64
9104,87
9105,90
9106,68
9107,46
9108,58
9109,44
9110,83
9111,42
9112,95
9113,69
9114,65
9115,89
9116,49
9117,66
9118,76
9119,73
9120,82
9121,46
9122,66
9123,84
9124,76
9125,51
9126,57
9127,81
9128,52
9129,59
9130,98
9131,65
9132,80
9133,89
9134,82
9135,99
9136,54
9137,62
9138,57
9139,77
9140,79
9141,97
9142,65
9143,81
9144,77
9145,74
9146,84
9147,85
9148,61
9149,45
9150,36
9151,74
9152,82
9153,96
9154,72
9155,88
9156,40
9157,85
9158,66
9159,84
9160,91
9161,80
9162,79
9163,79
9164,59
9165,70
9166,62
9167,30
9168,63
9169,54
9170,99
9171,72
9172,51
9173,64
9174,88
9175,61
9176,64
9177,58
9178,57
9179,51
9180,75
9181,65
9182,57
9183,49
9184,61
9185,64
9186,47
9187,65
9188,91
9189,85
9190,58
9191,43
9192,34
9193,81
9194,84
9195,82
9196,76
9197,49
9198,94
9199,70
9200,74
9201,63
9202,76
9203,80
9204,85
9205,66
9206,70
9207,47
9208,38
9209,60
9210,60
9211,56
9212,69
9213,74
9214,61
9215,68
9216,66
9217,68
9218,68
9219,82
9220,72
9221,72
9222,87
9223,38
9224,65
9225,81
9226,52
9227,73
9228,52
9229,68
9230,59
9231,86
9232,82
9233,74
9234,69
9235,81
9236,50
9237,67
9238,98
9239,86
9240,73
9241,43
9242,49
9243,57
9244,55
9245,60
9246,83
9247,82
9248,65
9249,73
9250,46
9251,71
9252,58
9253,71
9254,71
9255,71
9256,81
9257,66
9258,69
9259,79
9260,38
9261,56
9262,48
9263,41
9264,38
9265,66
9266,88
9267,75
9268,86
9269,79
9270,74
9271,81
9272,43
9273,62
9274,96
9275,59
9276,46
9277,71
9278,55
9279,42
9280,74
9281,68
9282,79
9283,68
9284,72
9285,59
9286,63
9287,82
9288,56
9289,72
9290,77
9291,54
9292,78
9293,73
9294,98
9295,68
9296,80
9297,88
9298,54
9299,80
9300,70
9301,87
9302,77
9303,62
9304,71
9305,54
9306,47
9307,67
9308,61
9309,62
9310,38
9311,63
9312,63
9313,54
9314,84
9315,63
9316,74
9317,78
9318,71
9319,58
9320,86
9321,48
9322,59
9323,88
9324,56
9325,63
9326,85
9327,77
9328,67
9329,60
9330,65
9331,56
9332,63
9333,84
9334,72
9335,88
9336,40
9337,68
9338,57
9339,47
9340,70
9341,97
9342,30
9343,63
9344,53
9345,68
9346,72
9347,67
9348,49
9349,70
9350,80
9351,83
9352,47
9353,65
9354,60
9355,69
9356,77
9357,78
9358,55
9359,80
9360,69
9361,55
9362,75
9363,55
9364,70
9365,67
9366,98
9367,59
9368,95
9369,77
9370,78
9371,52
9372,63
9373,69
9374,96
9375,95
9376,64
9377,90
9378,84
9379,69
9380,46
9381,47
9382,57
9383,45
9384,45
9385,75
9386,54
9387,59
9388,57
9389,82
9390,75
9391,45
9392,61
9393,98
9394,72
9395,59
9396,53
9397,50
9398,81
9399,60
9400,82
9401,82
9402,71
9403,58
9404,78
9405,83
9406,80
9407,50
9408,71
9409,78
9410,86
9411,87
9412,53
9413,68
9414,41
9415,36
9416,80
9417,56
9418,66
9419,81
9420,94
9421,82
9422,48
9423,51
9424,45
9425,97
9426,51
9427,68
9428,64
9429,62
9430,82
9431,47
9432,86
9433,82
9434,52
9435,42
9436,70
9437,53
9438,98
9439,64
9440,74
9441,65
9442,48
9443,64
9444,74
9445,62
9446,72
9447,45
9448,43
9449,86
9450,46
9451,85
9452,53
9453,58
9454,61
9455,77
9456,55
9457,73
9458,54
9459,62
9460,71
9461,75
9462,85
9463,77
9464,73
9465,57
9466,50
9467,52
9468,75
9469,63
9470,46
9471,66
9472,46
9473,65
9474,58
9475,61
9476,96
9477,56
9478,60
9479,84
9480,68
9481,66
9482,62
9483,68
9484,86
9485,95
9486,81
9487,69
9488,49
9489,72
9490,68
9491,55
9492,78
9493,32
9494,64
9495,61
9496,67
9497,85
9498,73
9499,76
9500,60
9501,40
9502,78
9503,95
9504,88
9505,89
9506,75
9507,46
9508,59
9509,86
9510,85
9511,74
9512,72
9513,61
9514,67
9515,100
9516,42
9517,57
9518,47
9519,67
9520,46
9521,56
9522,54
9523,72
9524,60
9525,53
9526,65
9527,81
9528,64
9529,86
9530,96
9531,77
9532,97
9533,76
9534,57
9535,75
9536,62
9537,81
9538,95
9539,82
9540,60
9541,62
9542,70
9543,55
9544,79
9545,47
9546,52
9547,61
9548,55
9549,84
9550,40
9551,44
9552,54
9553,91
9554,81
9555,55
9556,77
9557,65
9558,64
9559,85
9560,54
9561,61
9562,87
9563,77
9564,29
9565,73
9566,65
9567,49
9568,72
9569,84
9570,77
9571,61
9572,78
9573,57
9574,94
9575,52
9576,57
9577,55
9578,80
9579,71
9580,63
9581,87
9582,53
9583,74
9584,65
9585,85
9586,63
9587,48
9588,90
9589,85
9590,50
9591,87
9592,63
9593,50
9594,67
9595,46
9596,47
9597,79
9598,69
9599,100
9600,60
9601,75
9602,46
9603,67
9604,91
9605,67
9606,75
9607,63
9608,61
9609,74
9610,69
9611,66
9612,92
9613,56
9614,92
9615,60
9616,94
9617,37
9618,86
9619,51
9620,58
9621,73
9622,70
9623,55
9624,100
9625,64
9626,67
9627,95
9628,87
9629,81
9630,54
9631,70
9632,73
9633,62
9634,64
9635,54
9636,61
9637,88
9638,90
9639,53
9640,62
9641,88
9642,68
9643,65
9644,49
9645,92
9646,87
9647,72
9648,50
9649,57
9650,69
9651,65
9652,95
9653,62
9654,100
9655,97
9656,58
9657,67
9658,48
9659,88
9660,65
9661,55
9662,84
9663,40
9664,82
9665,96
9666,81
9667,59
9668,68
9669,93
9670,90
9671,54
9672,84
9673,63
9674,63
9675,84
9676,72
9677,65
9678,69
9679,73
9680,87
9681,60
9682,54
9683,52
9684,57
9685,71
9686,67
9687,32
9688,48
9689,60
9690,61
9691,77
9692,63
9693,62
9694,51
9695,74
9696,55
9697,54
9698,64
9699,70
9700,74
9701,64
9702,75
9703,55
9704,63
9705,89
9706,66
9707,44
9708,75
9709,41
9710,82
9711,63
9712,48
9713,52
9714,67
9715,72
9716,74
9717,70
9718,92
9719,49
9720,59
9721,88
9722,65
9723,80
9724,95
9725,58
9726,64
9727,94
9728,82
9729,95
9730,70
9731,95
9732,95
9733,75
9734,89
9735,63
9736,49
9737,90
9738,81
9739,51
9740,68
9741,90
9742,65
9743,66
9744,84
9745,78
9746,95
9747,55
9748,97
9749,51
9750,74
9751,82
9752,72
9753,74
9754,51
9755,72
9756,62
9757,86
9758,81
9759,80
9760,71
9761,59
9762,35
9763,85
9764,59
9765,61
9766,53
9767,82
9768,66
9769,70
9770,90
9771,74
9772,48
9773,61
9774,63
9775,78
9776,71
9777,45
9778,80
9779,68
9780,50
9781,70
9782,53
9783,53
9784,86
9785,77
9786,95
9787,41
9788,59
9789,63
9790,78
9791,60
9792,72
9793,73
9794,62
9795,76
9796,48
9797,45
9798,55
9799,64
9800,51
9801,88
9802,67
9803,60
9804,44
9805,65
9806,57
9807,59
9808,54
9809,82
9810,72
9811,38
9812,53
9813,69
9814,63
9815,54
9816,79
9817,52
9818,84
9819,55
9820,61
9821,70
9822,64
9823,80
9824,62
9825,67
9826,72
9827,80
9828,64
9829,76
9830,63
9831,60
9832,62
9833,61
9834,88
9835,50
9836,72
9837,89
9838,52
9839,53
9840,64
9841,62
9842,42
9843,63
9844,64
9845,67
9846,47
9847,97
9848,96
9849,56
9850,67
9851,55
9852,71
9853,63
9854,67
9855,36
9856,58
9857,43
9858,80
9859,73
9860,61
9861,53
9862,65
9863,95
9864,49
9865,72
9866,81
9867,60
9868,46
9869,75
9870,76
9871,62
9872,77
9873,75
9874,41
9875,59
9876,79
9877,59
9878,57
9879,91
9880,75
9881,67
9882,75
9883,85
9884,67
9885,68
9886,61
9887,60
9888,67
9889,80
9890,78
9891,79
9892,67
9893,68
9894,62
9895,55
9896,88
9897,70
9898,98
9899,80
9900,58
9901,81
9902,84
9903,42
9904,44
9905,68
9906,72
9907,64
9908,64
9909,80
9910,75
9911,91
9912,53
9913,59
9914,48
9915,55
9916,60
9917,54
9918,42
9919,91
9920,57
9921,76
9922,75
9923,56
9924,85
9925,71
9926,55
9927,36
9928,57
9929,61
9930,51
9931,35
9932,45
9933,49
9934,55
9935,71
9936,45
9937,31
9938,69
9939,79
9940,89
9941,64
9942,76
9943,88
9944,61
9945,70
9946,77
9947,76
9948,80
9949,55
9950,76
9951,63
9952,70
9953,67
9954,64
9955,82
9956,53
9957,79
9958,74
9959,69
9960,77
9961,39
9962,68
9963,75
9964,83
9965,87
9966,58
9967,63
9968,74
9969,78
9970,66
9971,53
9972,91
9973,53
9974,74
9975,92
9976,80
9977,46
9978,67
9979,78
9980,79
9981,67
9982,71
9983,59
9984,51
9985,94
9986,83
9987,90
9988,75
9989,93
9990,52
9991,61
9992,86
9993,87
9994,57
9995,91
9996,77
9997,84
9998,76
9999,60
10000,75
